"batch_id","batch_tc","last_chng_mn_usid","last_chng_dt","schedule_yn","batch_strt_time","batch_item","schedule","batch_rs_tc","service","param","value","rmk"
BAR10041,"01",wndms1045,2023-11-09 15:42:03.643,N,,한국은행API 주식 코스피지수 D,"0 18 14 * * ?",M05,bar10000DService,efams.batch.model.BokBatchParam,"{""id"": 53, ""apiId"": 14, ""endDate"": """", ""apiAskId"": 53, ""strtDate"": """"}",
BAR10039,"01",wan8853,2024-01-04 16:41:01.431,N,,한국은행API 여수신금리 예금은행 대출금리 Q,"0 30 3 5 * ?",M05,bar10000QService,efams.batch.model.BokBatchParam,"{""id"": 49, ""apiId"": 14, ""endDate"": """", ""apiAskId"": 49, ""strtDate"": """"}",
BAR10050,"01",wan8853,2024-01-04 16:43:13.868,N,,한국은행API 소득 1인당GNI A,"0 39 3 5 * ?",M05,bar10000AService,efams.batch.model.BokBatchParam,"{""id"": 62, ""apiId"": 14, ""endDate"": """", ""apiAskId"": 62, ""strtDate"": """"}",
BAR10055,"01",wan8853,2024-01-04 16:44:11.394,N,,"한국은행API 성장률 경제성장률(실질, 계절조정 전기대비) Q","0 44 3 5 * ?",M05,bar10000QService,efams.batch.model.BokBatchParam,"{""id"": 67, ""apiId"": 14, ""endDate"": """", ""apiAskId"": 67, ""strtDate"": """"}",
BAR10056,"01",wan8853,2024-01-04 16:44:25.060,N,,"한국은행API 성장률 민간소비증감률(실질, 계절조정 전기대비) Q","0 45 3 5 * ?",M05,bar10000QService,efams.batch.model.BokBatchParam,"{""id"": 68, ""apiId"": 14, ""endDate"": """", ""apiAskId"": 68, ""strtDate"": """"}",
BAR10060,"01",wan8853,2024-01-04 16:45:23.633,N,,한국은행API 국제수지 경상수지 A,"0 49 3 5 * ?",M05,bar10000AService,efams.batch.model.BokBatchParam,"{""id"": 72, ""apiId"": 14, ""endDate"": """", ""apiAskId"": 72, ""strtDate"": """"}",
BAR10070,"01",wan8853,2024-01-04 16:47:05.577,N,,한국은행API 국제수지 직접투자(부채) M,"0 59 3 5 * ?",M05,bar10000MService,efams.batch.model.BokBatchParam,"{""id"": 81, ""apiId"": 14, ""endDate"": """", ""apiAskId"": 81, ""strtDate"": """"}",
BAR10083,"01",wan8853,2024-01-04 16:49:13.408,N,,한국은행API 통관수출입 수출금액지수 A,"0 8 4 5 * ?",M05,bar10000AService,efams.batch.model.BokBatchParam,"{""id"": 95, ""apiId"": 14, ""endDate"": """", ""apiAskId"": 95, ""strtDate"": """"}",
BAR10087,"01",wan8853,2024-01-04 16:50:11.935,N,,한국은행API 통관수출입 수입금액지수 M,"0 12 4 5 * ?",M05,bar10000MService,efams.batch.model.BokBatchParam,"{""id"": 98, ""apiId"": 14, ""endDate"": """", ""apiAskId"": 98, ""strtDate"": """"}",
BAR10089,"01",wan8853,2024-01-04 16:50:35.917,N,,한국은행API 통관수출입 소득교역조건지수 A,"0 14 4 5 * ?",M05,bar10000AService,efams.batch.model.BokBatchParam,"{""id"": 101, ""apiId"": 14, ""endDate"": """", ""apiAskId"": 101, ""strtDate"": """"}",
BAR10026,"01",wan8853,2024-01-04 16:39:09.464,N,,한국은행API 시장금리 한국은행API 기준금리 Q,"0 24 3 5 * ?",M05,bar10000QService,efams.batch.model.BokBatchParam,"{""id"": 35, ""apiId"": 14, ""endDate"": """", ""apiAskId"": 35, ""strtDate"": """"}",
BAR10035,"01",wan8853,2024-01-04 16:39:49.856,N,,한국은행API 여수신금리 예금은행 수신금리 M,"0 26 3 5 * ?",M05,bar10000MService,efams.batch.model.BokBatchParam,"{""id"": 46, ""apiId"": 14, ""endDate"": """", ""apiAskId"": 46, ""strtDate"": """"}",
BAR10036,"01",wan8853,2024-01-04 16:40:01.032,N,,한국은행API 여수신금리 예금은행 수신금리 Q,"0 27 3 5 * ?",M05,bar10000QService,efams.batch.model.BokBatchParam,"{""id"": 46, ""apiId"": 14, ""endDate"": """", ""apiAskId"": 46, ""strtDate"": """"}",
BAR60013,"01",bar60000,2025-10-17 03:04:08.742,Y,"0200",K08. 소비자물가지수(분기) K08. 소비자물가지수(분기) AUTO,"0 8 16 * * ?",M05,barApiExecutorService,efams.batch.model.BarApiBatchParam,"{""apiAskId"":1410,""apiId"":37,""prid"":""Q"",""srtDate"":"""",""endDate"":""""}",BAR60000_AUTO
BAR60014,"01",bar60000,2025-10-17 03:04:08.742,Y,"0200",K09. 소비자물가지수(년간) K09. 소비자물가지수(년간) AUTO,"0 9 10 * * ?",M05,barApiExecutorService,efams.batch.model.BarApiBatchParam,"{""apiAskId"":1411,""apiId"":38,""prid"":""A"",""srtDate"":"""",""endDate"":""""}",BAR60000_AUTO
BAR60015,"01",bar60000,2025-10-17 03:04:08.742,Y,"0200","K10. 소비자물가지수_농산,석유제외(분기) K10. 소비자물가지수_농산,석유제외(분기) AUTO","0 10 10 * * ?",M05,barApiExecutorService,efams.batch.model.BarApiBatchParam,"{""apiAskId"":1412,""apiId"":39,""prid"":""Q"",""srtDate"":"""",""endDate"":""""}",BAR60000_AUTO
BAR60016,"01",bar60000,2025-10-17 03:04:08.742,Y,"0200","K11. 소비자물가지수_농산,석유제외(년) K11. 소비자물가지수_농산,석유제외(년) AUTO","0 22 23 * * ?",M05,barApiExecutorService,efams.batch.model.BarApiBatchParam,"{""apiAskId"":1413,""apiId"":40,""prid"":""D"",""srtDate"":"""",""endDate"":""""}",BAR60000_AUTO
BAR60017,"01",bar60000,2025-10-17 03:04:08.742,Y,"0200",K12. 생산자물가지수(분기) K12. 생산자물가지수(분기) AUTO,"0 12 10 * * ?",M05,barApiExecutorService,efams.batch.model.BarApiBatchParam,"{""apiAskId"":1414,""apiId"":41,""prid"":""Q"",""srtDate"":"""",""endDate"":""""}",BAR60000_AUTO
BAR60018,"01",bar60000,2025-10-17 03:04:08.742,Y,"0200",K13. 생산자물가지수(년) K13. 생산자물가지수(년) AUTO,"0 7 2 * * ?",M05,barApiExecutorService,efams.batch.model.BarApiBatchParam,"{""apiAskId"":1415,""apiId"":42,""prid"":""Q"",""srtDate"":"""",""endDate"":""""}",BAR60000_AUTO
BAR60019,"01",bar60000,2025-10-17 03:04:08.742,Y,"0200",K14. 경제활동인구(분기) K14. 경제활동인구(분기) AUTO,"0 14 10 * * ?",M05,barApiExecutorService,efams.batch.model.BarApiBatchParam,"{""apiAskId"":1416,""apiId"":43,""prid"":""Q"",""srtDate"":"""",""endDate"":""""}",BAR60000_AUTO
BAR60020,"01",bar60000,2025-10-17 03:04:08.742,Y,"0200",K15. 경제활동인구(년) K15. 경제활동인구(년) AUTO,"0 24 2 * * ?",M05,barApiExecutorService,efams.batch.model.BarApiBatchParam,"{""apiAskId"":1417,""apiId"":44,""prid"":""D"",""srtDate"":"""",""endDate"":""""}",BAR60000_AUTO
BAR60021,"01",bar60000,2025-10-17 03:04:08.742,Y,"0200",K16. 취업자수(분기) K16. 취업자수(분기) AUTO,"0 16 10 * * ?",M05,barApiExecutorService,efams.batch.model.BarApiBatchParam,"{""apiAskId"":1418,""apiId"":45,""prid"":""Q"",""srtDate"":"""",""endDate"":""""}",BAR60000_AUTO
BAR60022,"01",bar60000,2025-10-17 03:04:08.742,Y,"0200",K17. 취업자수(년) K17. 취업자수(년) AUTO,"0 46 2 * * ?",M05,barApiExecutorService,efams.batch.model.BarApiBatchParam,"{""apiAskId"":1419,""apiId"":46,""prid"":""D"",""srtDate"":"""",""endDate"":""""}",BAR60000_AUTO
BAR60023,"01",bar60000,2025-10-17 03:04:08.742,Y,"0200",K18. 실업률(분기) K18. 실업률(분기) AUTO,"0 18 10 * * ?",M05,barApiExecutorService,efams.batch.model.BarApiBatchParam,"{""apiAskId"":1420,""apiId"":47,""prid"":""Q"",""srtDate"":"""",""endDate"":""""}",BAR60000_AUTO
BAR60024,"01",bar60000,2025-10-17 03:04:08.742,Y,"0200",K19. 실업률(년) K19. 실업률(년) AUTO,"0 44 23 * * ?",M05,barApiExecutorService,efams.batch.model.BarApiBatchParam,"{""apiAskId"":1421,""apiId"":48,""prid"":""D"",""srtDate"":"""",""endDate"":""""}",BAR60000_AUTO
BAR60025,"01",bar60000,2025-10-17 03:04:08.742,Y,"0200",K20. 고용률(분기) K20. 고용률(분기) AUTO,"0 53 2 * * ?",M05,barApiExecutorService,efams.batch.model.BarApiBatchParam,"{""apiAskId"":1422,""apiId"":49,""prid"":""Q"",""srtDate"":"""",""endDate"":""""}",BAR60000_AUTO
BAR60026,"01",bar60000,2025-10-17 03:04:08.742,Y,"0200",K21. 고용률(년) K21. 고용률(년) AUTO,"0 21 10 * * ?",M05,barApiExecutorService,efams.batch.model.BarApiBatchParam,"{""apiAskId"":1423,""apiId"":50,""prid"":""Q"",""srtDate"":"""",""endDate"":""""}",BAR60000_AUTO
BAR60027,"01",bar60000,2025-10-17 03:04:08.742,Y,"0200",K22. 계절변동조정(월) K22. 계절변동조정(월) AUTO,"0 0 19 * * ?",M05,barApiExecutorService,efams.batch.model.BarApiBatchParam,"{""apiAskId"":1424,""apiId"":51}",BAR60000_AUTO
BAR60028,"01",bar60000,2025-10-17 03:04:08.742,Y,"0200",K23. 외환보유액(분기) K23. 외환보유액(분기) AUTO,"0 23 10 * * ?",M05,barApiExecutorService,efams.batch.model.BarApiBatchParam,"{""apiAskId"":1425,""apiId"":52,""prid"":""Q"",""srtDate"":"""",""endDate"":""""}",BAR60000_AUTO
BAR40001,"01",wndms1045,2024-05-27 17:05:23.691,N,,GPT실행목록 ,"0 30 7 * * ?",M05,bar40001Service,efams.batch.model.GptBatchParam,,
BAR10006,"01",wan8853,2024-01-04 16:34:42.157,N,,"한국은행API 통화량 M2(광의통화, 평잔) Q","0 5 3 5 * ?",M05,bar10000QService,efams.batch.model.BokBatchParam,"{""id"": 16, ""apiId"": 14, ""endDate"": """", ""apiAskId"": 16, ""strtDate"": """"}",
BAR10007,"01",wan8853,2024-01-04 16:34:50.237,N,,한국은행API 통화량 Lf(평잔) A,"0 6 3 5 * ?",M05,bar10000AService,efams.batch.model.BokBatchParam,"{""id"": 19, ""apiId"": 14, ""endDate"": """", ""apiAskId"": 19, ""strtDate"": """"}",
BAR10025,"01",wan8853,2024-01-04 16:38:49.656,N,,한국은행API 시장금리 한국은행API 기준금리 M,"0 23 3 5 * ?",M05,bar10000MService,efams.batch.model.BokBatchParam,"{""id"": 35, ""apiId"": 14, ""endDate"": """", ""apiAskId"": 35, ""strtDate"": """"}",
BAR60029,"01",bar60000,2025-10-17 03:04:08.742,Y,"0200",K24. 외환보유액(년) K24. 외환보유액(년) AUTO,"0 31 15 * * ?",M05,barApiExecutorService,efams.batch.model.BarApiBatchParam,"{""apiAskId"":1426,""apiId"":53,""prid"":""D"",""srtDate"":"""",""endDate"":""""}",BAR60000_AUTO
BAR60030,"01",bar60000,2025-10-17 03:04:08.742,Y,"0200",K25. 대외채무(분기) K25. 대외채무(분기) AUTO,"0 25 10 * * ?",M05,barApiExecutorService,efams.batch.model.BarApiBatchParam,"{""apiAskId"":1427,""apiId"":54,""prid"":""Q"",""srtDate"":"""",""endDate"":""""}",BAR60000_AUTO
BAR60031,"01",bar60000,2025-10-17 03:04:08.742,Y,"0200",K26. 대외채무(년) K26. 대외채무(년) AUTO,"0 14 0 * * ?",M05,barApiExecutorService,efams.batch.model.BarApiBatchParam,"{""apiAskId"":1428,""apiId"":55,""prid"":""D"",""srtDate"":"""",""endDate"":""""}",BAR60000_AUTO
BAR60032,"01",bar60000,2025-10-17 03:04:08.742,Y,"0200",K27. 경기종합지수_동행종합지수(월) K27. 경기종합지수_동행종합지수(월) AUTO,"0 48 14 * * ?",M05,barApiExecutorService,efams.batch.model.BarApiBatchParam,"{""apiAskId"":1429,""apiId"":56,""prid"":""M"",""srtDate"":"""",""endDate"":""""}",BAR60000_AUTO
BAR60033,"01",bar60000,2025-10-17 03:04:08.742,Y,"0200",K28. 경기종합지수_선행종합지수(월) K28. 경기종합지수_선행종합지수(월) AUTO,"0 50 14 * * ?",M05,barApiExecutorService,efams.batch.model.BarApiBatchParam,"{""apiAskId"":1430,""apiId"":57,""prid"":""M"",""srtDate"":"""",""endDate"":""""}",BAR60000_AUTO
BAR60034,"01",bar60000,2025-10-17 03:04:08.742,Y,"0200",K29. GDP 실질(분기) K29. GDP 실질(분기) AUTO,"0 29 10 * * ?",M05,barApiExecutorService,efams.batch.model.BarApiBatchParam,"{""apiAskId"":1431,""apiId"":58,""prid"":""Q"",""srtDate"":"""",""endDate"":""""}",BAR60000_AUTO
BAR60035,"01",bar60000,2025-10-17 03:04:08.742,Y,"0200",K30. GDP 실질(연간) K30. GDP 실질(연간) AUTO,"0 30 10 * * ?",M05,barApiExecutorService,efams.batch.model.BarApiBatchParam,"{""apiAskId"":1432,""apiId"":59,""prid"":""D"",""srtDate"":"""",""endDate"":""""}",BAR60000_AUTO
BAR60036,"01",bar60000,2025-10-17 03:04:08.742,Y,"0200",K31. GDP 명목(분기) K31. GDP 명목(분기) AUTO,"0 31 10 * * ?",M05,barApiExecutorService,efams.batch.model.BarApiBatchParam,"{""apiAskId"":1433,""apiId"":60,""prid"":""Q"",""srtDate"":"""",""endDate"":""""}",BAR60000_AUTO
BAR60037,"01",bar60000,2025-10-17 03:04:08.742,Y,"0200",K32. GDP 명목(연간) K32. GDP 명목(연간) AUTO,"0 4 3 * * ?",M05,barApiExecutorService,efams.batch.model.BarApiBatchParam,"{""apiAskId"":1434,""apiId"":61,""prid"":""D"",""srtDate"":"""",""endDate"":""""}",BAR60000_AUTO
BAR60038,"01",bar60000,2025-10-17 03:04:08.742,Y,"0200",K33. 명목 1인당 국내총생산(연간) K33. 명목 1인당 국내총생산(연간) AUTO,"0 33 10 * * ?",M05,barApiExecutorService,efams.batch.model.BarApiBatchParam,"{""apiAskId"":1435,""apiId"":62,""prid"":""A"",""srtDate"":"""",""endDate"":""""}",BAR60000_AUTO
BAR60039,"01",bar60000,2025-10-17 03:04:08.742,Y,"0200",K34. 경제활동별 성장률 실질성장률(연간) K34. 경제활동별 성장률 실질성장률(연간) AUTO,"0 6 3 * * ?",M05,barApiExecutorService,efams.batch.model.BarApiBatchParam,"{""apiAskId"":1436,""apiId"":63,""prid"":""D"",""srtDate"":"""",""endDate"":""""}",BAR60000_AUTO
BAR60040,"01",bar60000,2025-10-17 03:04:08.742,Y,"0200",K35. GNI 실질(분기) K35. GNI 실질(분기) AUTO,"0 7 3 * * ?",M05,barApiExecutorService,efams.batch.model.BarApiBatchParam,"{""apiAskId"":1437,""apiId"":64,""prid"":""Q"",""srtDate"":"""",""endDate"":""""}",BAR60000_AUTO
BAR60041,"01",bar60000,2025-10-17 03:04:08.742,Y,"0200",K36. GNI 실질(년간) K36. GNI 실질(년간) AUTO,"0 8 3 * * ?",M05,barApiExecutorService,efams.batch.model.BarApiBatchParam,"{""apiAskId"":1438,""apiId"":65,""prid"":""D"",""srtDate"":"""",""endDate"":""""}",BAR60000_AUTO
BAR60042,"01",bar60000,2025-10-17 03:04:08.742,Y,"0200",K37. GNI 명목(분기) K37. GNI 명목(분기) AUTO,"0 9 3 * * ?",M05,barApiExecutorService,efams.batch.model.BarApiBatchParam,"{""apiAskId"":1439,""apiId"":66,""prid"":""Q"",""srtDate"":"""",""endDate"":""""}",BAR60000_AUTO
BAR60043,"01",bar60000,2025-10-17 03:04:08.742,Y,"0200",K38. GNI 명목(연간) K38. GNI 명목(연간) AUTO,"0 11 3 * * ?",M05,barApiExecutorService,efams.batch.model.BarApiBatchParam,"{""apiAskId"":1440,""apiId"":67,""prid"":""D"",""srtDate"":"""",""endDate"":""""}",BAR60000_AUTO
BAR60044,"01",bar60000,2025-10-17 03:04:08.742,Y,"0200",K39. 1인당 국민총소득(연간) K39. 1인당 국민총소득(연간) AUTO,"0 39 10 * * ?",M05,barApiExecutorService,efams.batch.model.BarApiBatchParam,"{""apiAskId"":1441,""apiId"":68,""prid"":""A"",""srtDate"":"""",""endDate"":""""}",BAR60000_AUTO
BAR60045,"01",bar60000,2025-10-17 03:04:08.742,Y,"0200","K40. 국내총생산(GDP)(실질, 계절조정, 전기비) K40. 국내총생산(GDP)(실질, 계절조정, 전기비) AUTO","0 8 16 * * ?",M05,barApiExecutorService,efams.batch.model.BarApiBatchParam,"{""apiAskId"":1442,""apiId"":69,""prid"":""Q"",""srtDate"":"""",""endDate"":""""}",BAR60000_AUTO
BAR60046,"01",bar60000,2025-10-17 03:04:08.742,Y,"0200",K41. 연간지표_경제활동별 성장률_국내총생산(실질성장률)[20101] K41. 연간지표_경제활동별 성장률_국내총생산(실질성장률)[,"0 41 10 * * ?",M05,barApiExecutorService,efams.batch.model.BarApiBatchParam,"{""apiAskId"":1443,""apiId"":70,""prid"":""A"",""srtDate"":"""",""endDate"":""""}",BAR60000_AUTO
BAR60047,"01",bar60000,2025-10-17 03:04:08.742,Y,"0200",K42. 기업경기실사지수_전산업 K42. 기업경기실사지수_전산업 AUTO,"0 42 10 * * ?",M05,barApiExecutorService,efams.batch.model.BarApiBatchParam,"{""apiAskId"":1444,""apiId"":71,""prid"":""M"",""srtDate"":"""",""endDate"":""""}",BAR60000_AUTO
BAR60048,"01",bar60000,2025-10-17 03:04:08.742,Y,"0200","K43. 소비자동향조사(한국은행,전국)(월)(2008년9월~)[040Y002]_소비자심리지수[FME] K43. 소비자동향조사(한국은행,전국)(월","0 43 15 * * ?",M05,barApiExecutorService,efams.batch.model.BarApiBatchParam,"{""apiAskId"":1445,""apiId"":72,""prid"":""M"",""srtDate"":"""",""endDate"":""""}",BAR60000_AUTO
BAR60049,"01",bar60000,2025-10-17 03:04:08.742,Y,"0200",K44. South Korea GDP (1953~) K44. South Korea GDP (1953~) AUTO,"0 44 15 * * ?",M05,barApiExecutorService,efams.batch.model.BarApiBatchParam,"{""apiAskId"":1446,""apiId"":73,""prid"":""D"",""srtDate"":"""",""endDate"":""""}",BAR60000_AUTO
BAR60050,"01",bar60000,2025-10-17 03:04:08.742,Y,"0200",OP01. 전국 주유소 평균가격 OP01. 전국 주유소 평균가격 AUTO,"0 1 9 * * ?",M05,barApiExecutorService,efams.batch.model.BarApiBatchParam,"{""apiAskId"":1447,""apiId"":74}",BAR60000_AUTO
BAR60051,"01",bar60000,2025-10-17 03:04:08.742,Y,"0200",OP02.1 시도별 주유소 평균 가격_고급휘발유(B034) OP02.1 시도별 주유소 평균 가격_고급휘발유(B034) AUTO,"0 2 9 * * ?",M05,barApiExecutorService,efams.batch.model.BarApiBatchParam,"{""apiAskId"":1448,""apiId"":75}",BAR60000_AUTO
BAR10038,"01",wan8853,2024-01-04 16:40:28.327,N,,한국은행API 여수신금리 예금은행 대출금리 M,"0 29 3 5 * ?",M05,bar10000MService,efams.batch.model.BokBatchParam,"{""id"": 49, ""apiId"": 14, ""endDate"": """", ""apiAskId"": 49, ""strtDate"": """"}",
BAR10053,"01",wan8853,2024-01-04 16:43:47.084,N,,한국은행API GDP대비 비율 총저축률 Q,"0 42 3 5 * ?",M05,bar10000QService,efams.batch.model.BokBatchParam,"{""id"": 65, ""apiId"": 14, ""endDate"": """", ""apiAskId"": 65, ""strtDate"": """"}",
BAR60052,"01",bar60000,2025-10-17 03:04:08.742,Y,"0200",OP02.2 시도별 주유소 평균 가격_보통휘발유(B027) OP02.2 시도별 주유소 평균 가격_보통휘발유(B027) AUTO,"0 2 9 * * ?",M05,barApiExecutorService,efams.batch.model.BarApiBatchParam,"{""apiAskId"":1449,""apiId"":76}",BAR60000_AUTO
BAR60053,"01",bar60000,2025-10-17 03:04:08.742,Y,"0200",OP02.3 시도별 주유소 평균 가격_자동차경유(D047) OP02.3 시도별 주유소 평균 가격_자동차경유(D047) AUTO,"0 2 9 * * ?",M05,barApiExecutorService,efams.batch.model.BarApiBatchParam,"{""apiAskId"":1450,""apiId"":77}",BAR60000_AUTO
BAR60054,"01",bar60000,2025-10-17 03:04:08.742,Y,"0200",OP02.4 시도별 주유소 평균 가격_실내등유(C004) OP02.4 시도별 주유소 평균 가격_실내등유(C004) AUTO,"0 2 9 * * ?",M05,barApiExecutorService,efams.batch.model.BarApiBatchParam,"{""apiAskId"":1451,""apiId"":78}",BAR60000_AUTO
BAR60055,"01",bar60000,2025-10-17 03:04:08.742,Y,"0200",OP02.5 시도별 주유 평균 가격_ 자동차부탄(K015) OP02.5 시도별 주유 평균 가격_ 자동차부탄(K015) AUTO,"0 2 9 * * ?",M05,barApiExecutorService,efams.batch.model.BarApiBatchParam,"{""apiAskId"":1452,""apiId"":79}",BAR60000_AUTO
BAR60056,"01",bar60000,2025-10-17 03:04:08.742,Y,"0200",OP03.01. 시군구별 주유소 평균가격_서울 OP03.01. 시군구별 주유소 평균가격_서울 AUTO,"0 3 9 * * ?",M05,barApiExecutorService,efams.batch.model.BarApiBatchParam,"{""apiAskId"":1453,""apiId"":80}",BAR60000_AUTO
BAR60057,"01",bar60000,2025-10-17 03:04:08.742,Y,"0200",OP03.02 시군구별 주유소 평균가격_경기 OP03.02 시군구별 주유소 평균가격_경기 AUTO,"0 3 9 * * ?",M05,barApiExecutorService,efams.batch.model.BarApiBatchParam,"{""apiAskId"":1454,""apiId"":81}",BAR60000_AUTO
BAR60058,"01",bar60000,2025-10-17 03:04:08.742,Y,"0200",OP03.03 시군구별 주유소 평균가격_강원 OP03.03 시군구별 주유소 평균가격_강원 AUTO,"0 3 9 * * ?",M05,barApiExecutorService,efams.batch.model.BarApiBatchParam,"{""apiAskId"":1455,""apiId"":82}",BAR60000_AUTO
BAR60059,"01",bar60000,2025-10-17 03:04:08.742,Y,"0200",OP03.04 시군구별 주유소 평균가격_충북 OP03.04 시군구별 주유소 평균가격_충북 AUTO,"0 3 9 * * ?",M05,barApiExecutorService,efams.batch.model.BarApiBatchParam,"{""apiAskId"":1456,""apiId"":83}",BAR60000_AUTO
BAR60060,"01",bar60000,2025-10-17 03:04:08.742,Y,"0200",OP03.05 시군구별 주유소 평균가격_충남 OP03.05 시군구별 주유소 평균가격_충남 AUTO,"0 3 9 * * ?",M05,barApiExecutorService,efams.batch.model.BarApiBatchParam,"{""apiAskId"":1457,""apiId"":84}",BAR60000_AUTO
BAR60061,"01",bar60000,2025-10-17 03:04:08.742,Y,"0200",OP03.06 시군구별 주유소 평균가격_전북 OP03.06 시군구별 주유소 평균가격_전북 AUTO,"0 3 9 * * ?",M05,barApiExecutorService,efams.batch.model.BarApiBatchParam,"{""apiAskId"":1458,""apiId"":85}",BAR60000_AUTO
BAR60062,"01",bar60000,2025-10-17 03:04:08.742,Y,"0200",OP03.08 시군구별 주유소 평균가격_경북 OP03.08 시군구별 주유소 평균가격_경북 AUTO,"0 3 9 * * ?",M05,barApiExecutorService,efams.batch.model.BarApiBatchParam,"{""apiAskId"":1459,""apiId"":86}",BAR60000_AUTO
BAR60063,"01",bar60000,2025-10-17 03:04:08.742,Y,"0200",OP03.09 시군구별 주유소 평균가격_경남 OP03.09 시군구별 주유소 평균가격_경남 AUTO,"0 3 9 * * ?",M05,barApiExecutorService,efams.batch.model.BarApiBatchParam,"{""apiAskId"":1460,""apiId"":87}",BAR60000_AUTO
BAR60064,"01",bar60000,2025-10-17 03:04:08.742,Y,"0200",OP03.10 시군구별 주유소 평균가격_부산 OP03.10 시군구별 주유소 평균가격_부산 AUTO,"0 3 9 * * ?",M05,barApiExecutorService,efams.batch.model.BarApiBatchParam,"{""apiAskId"":1461,""apiId"":88}",BAR60000_AUTO
BAR60065,"01",bar60000,2025-10-17 03:04:08.742,Y,"0200",OP03.11 시군구별 주유소 평균가격_제주 OP03.11 시군구별 주유소 평균가격_제주 AUTO,"0 3 9 * * ?",M05,barApiExecutorService,efams.batch.model.BarApiBatchParam,"{""apiAskId"":1462,""apiId"":89}",BAR60000_AUTO
BAR60066,"01",bar60000,2025-10-17 03:04:08.742,Y,"0200",OP03.15 시군구별 주유소 평균가격_인천 OP03.15 시군구별 주유소 평균가격_인천 AUTO,"0 3 9 * * ?",M05,barApiExecutorService,efams.batch.model.BarApiBatchParam,"{""apiAskId"":1463,""apiId"":90}",BAR60000_AUTO
BAR60067,"01",bar60000,2025-10-17 03:04:08.742,Y,"0200",OP03.16 시군구별 주유소 평균가격_광주 OP03.16 시군구별 주유소 평균가격_광주 AUTO,"0 3 9 * * ?",M05,barApiExecutorService,efams.batch.model.BarApiBatchParam,"{""apiAskId"":1464,""apiId"":91}",BAR60000_AUTO
BAR60068,"01",bar60000,2025-10-17 03:04:08.742,Y,"0200",OP03.18 시군구별 주유소 평균가격_울산 OP03.18 시군구별 주유소 평균가격_울산 AUTO,"0 3 9 * * ?",M05,barApiExecutorService,efams.batch.model.BarApiBatchParam,"{""apiAskId"":1465,""apiId"":92}",BAR60000_AUTO
BAR60069,"01",bar60000,2025-10-17 03:04:08.742,Y,"0200",OP03.19 시군구별 주유소 평균가격_세종 OP03.19 시군구별 주유소 평균가격_세종 AUTO,"0 3 9 * * ?",M05,barApiExecutorService,efams.batch.model.BarApiBatchParam,"{""apiAskId"":1466,""apiId"":93}",BAR60000_AUTO
BAR60070,"01",bar60000,2025-10-17 03:04:08.742,Y,"0200",OP04.1 최근 7일간 전국 일일 평균가격(고급휘발유.B034) OP04.1 최근 7일간 전국 일일 평균가격(고급휘발유.B034) AUTO,"0 5 9 * * ?",M05,barApiExecutorService,efams.batch.model.BarApiBatchParam,"{""apiAskId"":1467,""apiId"":94}",BAR60000_AUTO
BAR60071,"01",bar60000,2025-10-17 03:04:08.742,Y,"0200",OP04.2 최근 7일간 전국 일일 평균가격(보통휘발유.B027) OP04.2 최근 7일간 전국 일일 평균가격(보통휘발유.B027) AUTO,"0 5 9 * * ?",M05,barApiExecutorService,efams.batch.model.BarApiBatchParam,"{""apiAskId"":1468,""apiId"":95}",BAR60000_AUTO
BAR60072,"01",bar60000,2025-10-17 03:04:08.742,Y,"0200",OP04.3 최근 7일간 전국 일일 평균가격(자동차경유.D047) OP04.3 최근 7일간 전국 일일 평균가격(자동차경유.D047) AUTO,"0 5 9 * * ?",M05,barApiExecutorService,efams.batch.model.BarApiBatchParam,"{""apiAskId"":1469,""apiId"":96}",BAR60000_AUTO
BAR60073,"01",bar60000,2025-10-17 03:04:08.742,Y,"0200",OP04.4 최근 7일간 전국 일일 평균가격(실내등유.C004) OP04.4 최근 7일간 전국 일일 평균가격(실내등유.C004) AUTO,"0 5 9 * * ?",M05,barApiExecutorService,efams.batch.model.BarApiBatchParam,"{""apiAskId"":1470,""apiId"":97}",BAR60000_AUTO
BAR60074,"01",bar60000,2025-10-17 03:04:08.742,Y,"0200",OP04.5 최근 7일간 전국 일일 평균가격(자동차부탄.K015) OP04.5 최근 7일간 전국 일일 평균가격(자동차부탄.K015) AUTO,"0 5 9 * * ?",M05,barApiExecutorService,efams.batch.model.BarApiBatchParam,"{""apiAskId"":1471,""apiId"":98}",BAR60000_AUTO
BAR60075,"01",bar60000,2025-10-17 03:04:08.742,Y,"0200",OP05.01. 최근 7일간 전국 일일 상표별 평균가격_고급휘발유(B034) OP05.01. 최근 7일간 전국 일일 상표별 평균가격_고급휘발,"0 7 9 * * ?",M05,barApiExecutorService,efams.batch.model.BarApiBatchParam,"{""apiAskId"":1472,""apiId"":99}",BAR60000_AUTO
BAR90001,"01",wndms1045,2023-11-27 18:12:58.703,N,,(임시)제로인 마켓 데이터 소급,,,bar90001Service,efams.batch.model.ZeroinParam,"{""baseDate"": """"}",
BAR90000,"01",wndms1045,2023-11-23 15:55:41.757,N,,(임시)주가정보 일괄 호출,,,bar90000Service,efams.batch.model.EsPlanitParam,"{""baseDate"": """"}",
BAR10054,"01",wan8853,2024-01-04 16:44:00.396,N,,"한국은행API 성장률 건설투자증감률(실질, 계절조정 전기대비) Q","0 43 3 5 * ?",M05,bar10000QService,efams.batch.model.BokBatchParam,"{""id"": 66, ""apiId"": 14, ""endDate"": """", ""apiAskId"": 66, ""strtDate"": """"}",
BAR60076,"01",bar60000,2025-10-17 03:04:08.742,Y,"0200",OP05.02. 최근 7일간 전국 일일 상표별 평균가격_보통휘발유(B027) OP05.02. 최근 7일간 전국 일일 상표별 평균가격_보통휘발,"0 7 9 * * ?",M05,barApiExecutorService,efams.batch.model.BarApiBatchParam,"{""apiAskId"":1473,""apiId"":100}",BAR60000_AUTO
BAR60077,"01",bar60000,2025-10-17 03:04:08.742,Y,"0200",OP05.03. 최근 7일간 전국 일일 상표별 평균가격_자동차경유(D047) OP05.03. 최근 7일간 전국 일일 상표별 평균가격_자동차경,"0 7 9 * * ?",M05,barApiExecutorService,efams.batch.model.BarApiBatchParam,"{""apiAskId"":1474,""apiId"":101}",BAR60000_AUTO
BAR60078,"01",bar60000,2025-10-17 03:04:08.742,Y,"0200",OP05.04. 최근 7일간 전국 일일 상표별 평균가격_실내등유(C004) OP05.04. 최근 7일간 전국 일일 상표별 평균가격_실내등유(C,"0 5 9 * * ?",M05,barApiExecutorService,efams.batch.model.BarApiBatchParam,"{""apiAskId"":1475,""apiId"":102}",BAR60000_AUTO
BAR60079,"01",bar60000,2025-10-17 03:04:08.742,Y,"0200",OP06.01 최근 7일간 전국 일일 지역별 평균가격 -  서울 OP06.01 최근 7일간 전국 일일 지역별 평균가격 -  서울 AUTO,"0 17 15 * * ?",M05,barApiExecutorService,efams.batch.model.BarApiBatchParam,"{""apiAskId"":1476,""apiId"":103}",BAR60000_AUTO
BAR10092,"01",wan8853,2024-01-04 16:51:13.518,N,,한국은행API 통관수출입 순상품교역조건지수 A,"0 17 4 5 * ?",M05,bar10000AService,efams.batch.model.BokBatchParam,"{""id"": 104, ""apiId"": 14, ""endDate"": """", ""apiAskId"": 104, ""strtDate"": """"}",
BAR10097,"01",wan8853,2024-01-04 16:52:16.500,N,,한국은행API 대외채권/채무 외환보유액 Q,"0 22 4 5 * ?",M05,bar10000QService,efams.batch.model.BokBatchParam,"{""id"": 107, ""apiId"": 14, ""endDate"": """", ""apiAskId"": 107, ""strtDate"": """"}",
BAR60080,"01",bar60000,2025-10-17 03:04:08.742,Y,"0200",OP06.02 최근 7일간 전국 일일 지역별 평균가격 -  경기 OP06.02 최근 7일간 전국 일일 지역별 평균가격 -  경기 AUTO,"0 17 15 * * ?",M05,barApiExecutorService,efams.batch.model.BarApiBatchParam,"{""apiAskId"":1477,""apiId"":104}",BAR60000_AUTO
BAR10100,"01",wan8853,2024-01-04 16:53:22.708,N,,한국은행API 소비자/생산자 물가 생산자물가지수 Q,"0 25 4 5 * ?",M05,bar10000QService,efams.batch.model.BokBatchParam,"{""id"": 110, ""apiId"": 14, ""endDate"": """", ""apiAskId"": 110, ""strtDate"": """"}",
BAR10008,"01",wan8853,2024-01-04 16:34:56.684,N,,한국은행API 통화량 Lf(평잔) M,"0 7 3 5 * ?",M05,bar10000MService,efams.batch.model.BokBatchParam,"{""id"": 19, ""apiId"": 14, ""endDate"": """", ""apiAskId"": 19, ""strtDate"": """"}",
BAR10042,"01",wan8853,2024-01-04 16:41:30.413,N,,한국은행API 주식 주식거래대금 A,"0 31 3 5 * ?",M05,bar10000AService,efams.batch.model.BokBatchParam,"{""id"": 54, ""apiId"": 14, ""endDate"": """", ""apiAskId"": 54, ""strtDate"": """"}",
BAR10057,"01",wan8853,2024-01-04 16:44:37.092,N,,"한국은행API 성장률 설비투자증감률(실질, 계절조정 전기대비) Q","0 46 3 5 * ?",M05,bar10000QService,efams.batch.model.BokBatchParam,"{""id"": 69, ""apiId"": 14, ""endDate"": """", ""apiAskId"": 69, ""strtDate"": """"}",
BAR60081,"01",bar60000,2025-10-17 03:04:08.742,Y,"0200",OP06.03 최근 7일간 전국 일일 지역별 평균가격 - 강원 OP06.03 최근 7일간 전국 일일 지역별 평균가격 - 강원 AUTO,"0 18 15 * * ?",M05,barApiExecutorService,efams.batch.model.BarApiBatchParam,"{""apiAskId"":1478,""apiId"":105}",BAR60000_AUTO
BAR60082,"01",bar60000,2025-10-17 03:04:08.742,Y,"0200",OP06.04 최근 7일간 전국 일일 지역별 평균가격 - 충북 OP06.04 최근 7일간 전국 일일 지역별 평균가격 - 충북 AUTO,"0 21 15 * * ?",M05,barApiExecutorService,efams.batch.model.BarApiBatchParam,"{""apiAskId"":1479,""apiId"":106}",BAR60000_AUTO
BAR60083,"01",bar60000,2025-10-17 03:04:08.742,Y,"0200",OP06.05 최근 7일간 전국 일일 지역별 평균가격 - 충남 OP06.05 최근 7일간 전국 일일 지역별 평균가격 - 충남 AUTO,"0 19 15 * * ?",M05,barApiExecutorService,efams.batch.model.BarApiBatchParam,"{""apiAskId"":1480,""apiId"":107}",BAR60000_AUTO
BAR60084,"01",bar60000,2025-10-17 03:04:08.742,Y,"0200",OP06.06 최근 7일간 전국 일일 지역별 평균가격 - 전북 OP06.06 최근 7일간 전국 일일 지역별 평균가격 - 전북 AUTO,"0 22 15 * * ?",M05,barApiExecutorService,efams.batch.model.BarApiBatchParam,"{""apiAskId"":1481,""apiId"":108}",BAR60000_AUTO
BAR60085,"01",bar60000,2025-10-17 03:04:08.742,Y,"0200",OP06.07 최근 7일간 전국 일일 지역별 평균가격 - 전남 OP06.07 최근 7일간 전국 일일 지역별 평균가격 - 전남 AUTO,"0 23 15 * * ?",M05,barApiExecutorService,efams.batch.model.BarApiBatchParam,"{""apiAskId"":1482,""apiId"":109}",BAR60000_AUTO
BAR60086,"01",bar60000,2025-10-17 03:04:08.742,Y,"0200",OP06.08 최근 7일간 전국 일일 지역별 평균가격 - 경북 OP06.08 최근 7일간 전국 일일 지역별 평균가격 - 경북 AUTO,"0 24 15 * * ?",M05,barApiExecutorService,efams.batch.model.BarApiBatchParam,"{""apiAskId"":1483,""apiId"":110}",BAR60000_AUTO
BAR60087,"01",bar60000,2025-10-17 03:04:08.742,Y,"0200",OP06.09 최근 7일간 전국 일일 지역별 평균가격 - 경남 OP06.09 최근 7일간 전국 일일 지역별 평균가격 - 경남 AUTO,"0 26 15 * * ?",M05,barApiExecutorService,efams.batch.model.BarApiBatchParam,"{""apiAskId"":1484,""apiId"":111}",BAR60000_AUTO
BAR60088,"01",bar60000,2025-10-17 03:04:08.742,Y,"0200",OP06.10 최근 7일간 전국 일일 지역별 평균가격 - 부산 OP06.10 최근 7일간 전국 일일 지역별 평균가격 - 부산 AUTO,"0 28 15 * * ?",M05,barApiExecutorService,efams.batch.model.BarApiBatchParam,"{""apiAskId"":1485,""apiId"":112}",BAR60000_AUTO
BAR60089,"01",bar60000,2025-10-17 03:04:08.742,Y,"0200",OP06.11 최근 7일간 전국 일일 지역별 평균가격 - 제주 OP06.11 최근 7일간 전국 일일 지역별 평균가격 - 제주 AUTO,"0 29 15 * * ?",M05,barApiExecutorService,efams.batch.model.BarApiBatchParam,"{""apiAskId"":1486,""apiId"":113}",BAR60000_AUTO
BAR60090,"01",bar60000,2025-10-17 03:04:08.742,Y,"0200",OP06.14 최근 7일간 전국 일일 지역별 평균가격 - 대구 OP06.14 최근 7일간 전국 일일 지역별 평균가격 - 대구 AUTO,"0 31 15 * * ?",M05,barApiExecutorService,efams.batch.model.BarApiBatchParam,"{""apiAskId"":1487,""apiId"":114}",BAR60000_AUTO
BAR60091,"01",bar60000,2025-10-17 03:04:08.742,Y,"0200",OP06.15 최근 7일간 전국 일일 지역별 평균가격 - 인천 OP06.15 최근 7일간 전국 일일 지역별 평균가격 - 인천 AUTO,"0 33 15 * * ?",M05,barApiExecutorService,efams.batch.model.BarApiBatchParam,"{""apiAskId"":1488,""apiId"":115}",BAR60000_AUTO
BAR60092,"01",bar60000,2025-10-17 03:04:08.742,Y,"0200",OP06.16 최근 7일간 전국 일일 지역별 평균가격 - 광주 OP06.16 최근 7일간 전국 일일 지역별 평균가격 - 광주 AUTO,"0 35 15 * * ?",M05,barApiExecutorService,efams.batch.model.BarApiBatchParam,"{""apiAskId"":1489,""apiId"":116}",BAR60000_AUTO
BAR60093,"01",bar60000,2025-10-17 03:04:08.742,Y,"0200",OP06.17 최근 7일간 전국 일일 지역별 평균가격 - 대전 OP06.17 최근 7일간 전국 일일 지역별 평균가격 - 대전 AUTO,"0 36 15 * * ?",M05,barApiExecutorService,efams.batch.model.BarApiBatchParam,"{""apiAskId"":1490,""apiId"":117}",BAR60000_AUTO
BAR60094,"01",bar60000,2025-10-17 03:04:08.742,Y,"0200",OP06.18 최근 7일간 전국 일일 지역별 평균가격 - 울산 OP06.18 최근 7일간 전국 일일 지역별 평균가격 - 울산 AUTO,"0 37 15 * * ?",M05,barApiExecutorService,efams.batch.model.BarApiBatchParam,"{""apiAskId"":1491,""apiId"":118}",BAR60000_AUTO
BAR60095,"01",bar60000,2025-10-17 03:04:08.742,Y,"0200",OP06.19 최근 7일간 전국 일일 지역별 평균가격 - 세종 OP06.19 최근 7일간 전국 일일 지역별 평균가격 - 세종 AUTO,"0 38 15 * * ?",M05,barApiExecutorService,efams.batch.model.BarApiBatchParam,"{""apiAskId"":1492,""apiId"":119}",BAR60000_AUTO
BAR60096,"01",bar60000,2025-10-17 03:04:08.742,Y,"0200",OP07.1 최근 1주의 주간 평균유가(전국/시도별) 고급휘발유.B034 OP07.1 최근 1주의 주간 평균유가(전국/시도별) 고급휘발유.,"0 43 10 * * ?",M05,barApiExecutorService,efams.batch.model.BarApiBatchParam,"{""apiAskId"":1493,""apiId"":120}",BAR60000_AUTO
BAR60097,"01",bar60000,2025-10-17 03:04:08.742,Y,"0200",OP07.2 최근 1주의 주간 평균유가(전국/시도별) 휘발유.B027 OP07.2 최근 1주의 주간 평균유가(전국/시도별) 휘발유.B027 AUTO,"0 41 10 * * ?",M05,barApiExecutorService,efams.batch.model.BarApiBatchParam,"{""apiAskId"":1494,""apiId"":121}",BAR60000_AUTO
BAR60098,"01",bar60000,2025-10-17 03:04:08.742,Y,"0200",OP07.3 최근 1주의 주간 평균유가(전국/시도별) 경유.D047 OP07.3 최근 1주의 주간 평균유가(전국/시도별) 경유.D047 AUTO,"0 42 10 * * ?",M05,barApiExecutorService,efams.batch.model.BarApiBatchParam,"{""apiAskId"":1495,""apiId"":122}",BAR60000_AUTO
BAR60099,"01",bar60000,2025-10-17 03:04:08.742,Y,"0200",OP07.4 최근 1주의 주간 평균유가(전국/시도별) 실내등유.C004 OP07.4 최근 1주의 주간 평균유가(전국/시도별) 실내등유.C004,"0 45 10 * * ?",M05,barApiExecutorService,efams.batch.model.BarApiBatchParam,"{""apiAskId"":1496,""apiId"":123}",BAR60000_AUTO
BAR60100,"01",bar60000,2025-10-17 03:04:08.742,Y,"0200",OP07.5 최근 1주의 주간 평균유가(전국/시도별) 자동차부탄.K015 OP07.5 최근 1주의 주간 평균유가(전국/시도별) 자동차부탄.,"0 44 10 * * ?",M05,barApiExecutorService,efams.batch.model.BarApiBatchParam,"{""apiAskId"":1497,""apiId"":124}",BAR60000_AUTO
BAR60101,"01",bar60000,2025-10-17 03:04:08.742,Y,"0200",OP08.1 지역별 최저가 주유소(TOP20) - 고급휘발유.B034 OP08.1 지역별 최저가 주유소(TOP20) - 고급휘발유.B034 AUTO,"0 53 10 * * ?",M05,barApiExecutorService,efams.batch.model.BarApiBatchParam,"{""apiAskId"":1498,""apiId"":125}",BAR60000_AUTO
BAR60102,"01",bar60000,2025-10-17 03:04:08.742,Y,"0200",OP08.2 지역별 최저가 주유소(TOP20) - 휘발유.B027 OP08.2 지역별 최저가 주유소(TOP20) - 휘발유.B027 AUTO,"0 51 10 * * ?",M05,barApiExecutorService,efams.batch.model.BarApiBatchParam,"{""apiAskId"":1499,""apiId"":126}",BAR60000_AUTO
BAR60103,"01",bar60000,2025-10-17 03:04:08.742,Y,"0200",OP08.3 지역별 최저가 주유소(TOP20) - 경유.D047 OP08.3 지역별 최저가 주유소(TOP20) - 경유.D047 AUTO,"0 52 10 * * ?",M05,barApiExecutorService,efams.batch.model.BarApiBatchParam,"{""apiAskId"":1500,""apiId"":127}",BAR60000_AUTO
BAR60104,"01",bar60000,2025-10-17 03:04:08.742,Y,"0200",OP08.4 지역별 최저가 주유소(TOP20) - 실내등유.C004 OP08.4 지역별 최저가 주유소(TOP20) - 실내등유.C004 AUTO,"0 34 10 * * ?",M05,barApiExecutorService,efams.batch.model.BarApiBatchParam,"{""apiAskId"":1501,""apiId"":128}",BAR60000_AUTO
BAR60105,"01",bar60000,2025-10-17 03:04:08.742,Y,"0200",OP08.5 지역별 최저가 주유소(TOP20) - 자동차부탄.K015 OP08.5 지역별 최저가 주유소(TOP20) - 자동차부탄.K015 AUTO,"0 55 10 * * ?",M05,barApiExecutorService,efams.batch.model.BarApiBatchParam,"{""apiAskId"":1502,""apiId"":129}",BAR60000_AUTO
BAR60106,"01",bar60000,2025-10-17 03:04:08.742,Y,"0200",OP09. 전국 면세유 주유소 평균가격 OP09. 전국 면세유 주유소 평균가격 AUTO,"0 9 11 * * ?",M05,barApiExecutorService,efams.batch.model.BarApiBatchParam,"{""apiAskId"":1503,""apiId"":130}",BAR60000_AUTO
BAR60107,"01",bar60000,2025-10-17 03:04:08.742,Y,"0200",OP10. 1 시도별 면세유 주유소 평균가격_면세휘발유 OP10. 1 시도별 면세유 주유소 평균가격_면세휘발유 AUTO,"0 10 11 * * ?",M05,barApiExecutorService,efams.batch.model.BarApiBatchParam,"{""apiAskId"":1504,""apiId"":131}",BAR60000_AUTO
BAR60108,"01",bar60000,2025-10-17 03:04:08.742,Y,"0200",OP10.2 시도별 면세유 주유소 평균가격_면세경유 OP10.2 시도별 면세유 주유소 평균가격_면세경유 AUTO,"0 10 11 * * ?",M05,barApiExecutorService,efams.batch.model.BarApiBatchParam,"{""apiAskId"":1505,""apiId"":132}",BAR60000_AUTO
BAR60109,"01",bar60000,2025-10-17 03:04:08.742,Y,"0200",OP10.3 시도별 면세유 주유소 평균가격_면세등유 OP10.3 시도별 면세유 주유소 평균가격_면세등유 AUTO,"0 10 11 * * ?",M05,barApiExecutorService,efams.batch.model.BarApiBatchParam,"{""apiAskId"":1506,""apiId"":133}",BAR60000_AUTO
BAR60110,"01",bar60000,2025-10-17 03:04:08.742,Y,"0200",OP11.01 시군구별 면세유 주유소 평균가격 - 서울 OP11.01 시군구별 면세유 주유소 평균가격 - 서울 AUTO,"0 1 11 * * ?",M05,barApiExecutorService,efams.batch.model.BarApiBatchParam,"{""apiAskId"":1507,""apiId"":134}",BAR60000_AUTO
BAR60111,"01",bar60000,2025-10-17 03:04:08.742,Y,"0200",OP11.02 시군구별 면세유 주유소 평균가격 - 경기 OP11.02 시군구별 면세유 주유소 평균가격 - 경기 AUTO,"0 2 11 * * ?",M05,barApiExecutorService,efams.batch.model.BarApiBatchParam,"{""apiAskId"":1508,""apiId"":135}",BAR60000_AUTO
BAR60112,"01",bar60000,2025-10-17 03:04:08.742,Y,"0200",OP11.03 시군구별 면세유 주유소 평균가격 - 강원 OP11.03 시군구별 면세유 주유소 평균가격 - 강원 AUTO,"0 3 11 * * ?",M05,barApiExecutorService,efams.batch.model.BarApiBatchParam,"{""apiAskId"":1509,""apiId"":137}",BAR60000_AUTO
BAR60113,"01",bar60000,2025-10-17 03:04:08.742,Y,"0200",OP11.04 시군구별 면세유 주유소 평균가격 - 충북 OP11.04 시군구별 면세유 주유소 평균가격 - 충북 AUTO,"0 4 11 * * ?",M05,barApiExecutorService,efams.batch.model.BarApiBatchParam,"{""apiAskId"":1510,""apiId"":138}",BAR60000_AUTO
BAR60114,"01",bar60000,2025-10-17 03:04:08.742,Y,"0200",OP11.05 시군구별 면세유 주유소 평균가격 - 충남 OP11.05 시군구별 면세유 주유소 평균가격 - 충남 AUTO,"0 5 11 * * ?",M05,barApiExecutorService,efams.batch.model.BarApiBatchParam,"{""apiAskId"":1511,""apiId"":139}",BAR60000_AUTO
BAR60115,"01",bar60000,2025-10-17 03:04:08.742,Y,"0200",OP11.06 시군구별 면세유 주유소 평균가격 - 전북 OP11.06 시군구별 면세유 주유소 평균가격 - 전북 AUTO,"0 6 11 * * ?",M05,barApiExecutorService,efams.batch.model.BarApiBatchParam,"{""apiAskId"":1512,""apiId"":140}",BAR60000_AUTO
BAR10058,"01",wan8853,2024-01-04 16:45:00.860,N,,"한국은행API 성장률 재화의 수출 증감률(실질, 계절조정 전기대비) Q","0 47 3 5 * ?",M05,bar10000QService,efams.batch.model.BokBatchParam,"{""id"": 70, ""apiId"": 14, ""endDate"": """", ""apiAskId"": 70, ""strtDate"": """"}",
BAR60116,"01",bar60000,2025-10-17 03:04:08.742,Y,"0200",OP11.07 시군구별 면세유 주유소 평균가격 - 전남 OP11.07 시군구별 면세유 주유소 평균가격 - 전남 AUTO,"0 7 11 * * ?",M05,barApiExecutorService,efams.batch.model.BarApiBatchParam,"{""apiAskId"":1513,""apiId"":141}",BAR60000_AUTO
BAR60117,"01",bar60000,2025-10-17 03:04:08.742,Y,"0200",OP11.08 시군구별 면세유 주유소 평균가격 - 경북 OP11.08 시군구별 면세유 주유소 평균가격 - 경북 AUTO,"0 8 11 * * ?",M05,barApiExecutorService,efams.batch.model.BarApiBatchParam,"{""apiAskId"":1514,""apiId"":142}",BAR60000_AUTO
BAR60123,"01",bar60000,2025-10-17 03:04:08.742,Y,"0200",OP11.17 시군구별 면세유 주유소 평균가격 - 대전 OP11.17 시군구별 면세유 주유소 평균가격 - 대전 AUTO,"0 17 11 * * ?",M05,barApiExecutorService,efams.batch.model.BarApiBatchParam,"{""apiAskId"":1520,""apiId"":148}",BAR60000_AUTO
BAR60124,"01",bar60000,2025-10-17 03:04:08.742,Y,"0200",OP11.18 시군구별 면세유 주유소 평균가격 - 울산 OP11.18 시군구별 면세유 주유소 평균가격 - 울산 AUTO,"0 18 11 * * ?",M05,barApiExecutorService,efams.batch.model.BarApiBatchParam,"{""apiAskId"":1521,""apiId"":149}",BAR60000_AUTO
BAR60125,"01",bar60000,2025-10-17 03:04:08.742,Y,"0200",OP11.19 시군구별 면세유 주유소 평균가격 - 세종 OP11.19 시군구별 면세유 주유소 평균가격 - 세종 AUTO,"0 19 11 * * ?",M05,barApiExecutorService,efams.batch.model.BarApiBatchParam,"{""apiAskId"":1522,""apiId"":150}",BAR60000_AUTO
BAR60126,"01",bar60000,2025-10-17 03:04:08.742,Y,"0200",OP12.1 최근 7일간 전국 일일 면세유 평균가격(면세휘발류.B127) OP12.1 최근 7일간 전국 일일 면세유 평균가격(면세휘발류.B,"0 31 11 * * ?",M05,barApiExecutorService,efams.batch.model.BarApiBatchParam,"{""apiAskId"":1523,""apiId"":151}",BAR60000_AUTO
BAR60127,"01",bar60000,2025-10-17 03:04:08.742,Y,"0200",OP12.2 최근 7일간 전국 일일 면세유 평균가격(면세경유.D147) OP12.2 최근 7일간 전국 일일 면세유 평균가격(면세경유.D147),"0 32 11 * * ?",M05,barApiExecutorService,efams.batch.model.BarApiBatchParam,"{""apiAskId"":1524,""apiId"":152}",BAR60000_AUTO
BAR60128,"01",bar60000,2025-10-17 03:04:08.742,Y,"0200",OP12.3 최근 7일간 전국 일일 면세유 평균가격(면세등유.C104) OP12.3 최근 7일간 전국 일일 면세유 평균가격(면세등유.C104),"0 33 11 * * ?",M05,barApiExecutorService,efams.batch.model.BarApiBatchParam,"{""apiAskId"":1525,""apiId"":153}",BAR60000_AUTO
BAR10059,"01",wan8853,2024-01-04 16:45:15.011,N,,"한국은행API 소득 GDP(명목, 계절조정) Q","0 48 3 5 * ?",M05,bar10000QService,efams.batch.model.BokBatchParam,"{""id"": 71, ""apiId"": 14, ""endDate"": """", ""apiAskId"": 71, ""strtDate"": """"}",
BAR60129,"01",bar60000,2025-10-17 03:04:08.742,Y,"0200",OP13.1 최근 7일간 전국 일일 상표별 면세유 평균가격(면세휘발유.B127) OP13.1 최근 7일간 전국 일일 상표별 면세유 평균가격,"0 41 11 * * ?",M05,barApiExecutorService,efams.batch.model.BarApiBatchParam,"{""apiAskId"":1526,""apiId"":154}",BAR60000_AUTO
BAR60130,"01",bar60000,2025-10-17 03:04:08.742,Y,"0200",OP13.2 최근 7일간 전국 일일 상표별 면세유 평균가격(면세경유.D147) OP13.2 최근 7일간 전국 일일 상표별 면세유 평균가격(,"0 42 11 * * ?",M05,barApiExecutorService,efams.batch.model.BarApiBatchParam,"{""apiAskId"":1527,""apiId"":155}",BAR60000_AUTO
BAR60131,"01",bar60000,2025-10-17 03:04:08.742,Y,"0200",OP13.3 최근 7일간 전국 일일 상표별 면세유 평균가격(면세등유.C104) OP13.3 최근 7일간 전국 일일 상표별 면세유 평균가격(,"0 43 11 * * ?",M05,barApiExecutorService,efams.batch.model.BarApiBatchParam,"{""apiAskId"":1528,""apiId"":156}",BAR60000_AUTO
BAR60132,"01",bar60000,2025-10-17 03:04:08.742,Y,"0200",OP14.1 지역별 최저가 면세유 주유소(TOP20) - 면세휘발유.B127 OP14.1 지역별 최저가 면세유 주유소(TOP20) - 면세휘발유.B1,"0 51 11 * * ?",M05,barApiExecutorService,efams.batch.model.BarApiBatchParam,"{""apiAskId"":1529,""apiId"":157}",BAR60000_AUTO
BAR60133,"01",bar60000,2025-10-17 03:04:08.742,Y,"0200",OP14.2 지역별 최저가 면세유 주유소(TOP20) - 면세경유.D147 OP14.2 지역별 최저가 면세유 주유소(TOP20) - 면세경유.D147 A,"0 52 11 * * ?",M05,barApiExecutorService,efams.batch.model.BarApiBatchParam,"{""apiAskId"":1530,""apiId"":158}",BAR60000_AUTO
BAR60134,"01",bar60000,2025-10-17 03:04:08.742,Y,"0200",OP14.3 지역별 최저가 면세유 주유소(TOP20) - 면세등유.C104 OP14.3 지역별 최저가 면세유 주유소(TOP20) - 면세등유.C104 A,"0 53 11 * * ?",M05,barApiExecutorService,efams.batch.model.BarApiBatchParam,"{""apiAskId"":1531,""apiId"":159}",BAR60000_AUTO
BAR60135,"01",bar60000,2025-10-17 03:04:08.742,Y,"0200",OP15. 요소수 주유소 판매가격(지역별) - 서울 OP15. 요소수 주유소 판매가격(지역별) - 서울 AUTO,"0 1 12 * * ?",M05,barApiExecutorService,efams.batch.model.BarApiBatchParam,"{""apiAskId"":1532,""apiId"":160}",BAR60000_AUTO
BAR60136,"01",bar60000,2025-10-17 03:04:08.742,Y,"0200",WTI 오일 가격(월) WTI 오일 가격(월) AUTO,"0 20 16 * * ?",M05,barApiExecutorService,efams.batch.model.BarApiBatchParam,"{""apiAskId"":1533,""apiId"":161}",BAR60000_AUTO
BAR60137,"01",bar60000,2025-10-17 03:04:08.742,Y,"0200",브렌트유 (일) 브렌트유 (일) AUTO,"0 0 9 * * ?",M05,barApiExecutorService,efams.batch.model.BarApiBatchParam,"{""apiAskId"":1534,""apiId"":162}",BAR60000_AUTO
BAR10084,"01",wan8853,2024-01-04 16:49:24.551,N,,한국은행API 통관수출입 수출금액지수 M,"0 9 4 5 * ?",M05,bar10000MService,efams.batch.model.BokBatchParam,"{""id"": 95, ""apiId"": 14, ""endDate"": """", ""apiAskId"": 95, ""strtDate"": """"}",
BAR10085,"01",wan8853,2024-01-04 16:49:36.415,N,,한국은행API 통관수출입 수출금액지수 Q,"0 10 4 5 * ?",M05,bar10000QService,efams.batch.model.BokBatchParam,"{""id"": 95, ""apiId"": 14, ""endDate"": """", ""apiAskId"": 95, ""strtDate"": """"}",
BAR10088,"01",wan8853,2024-01-04 16:50:27.399,N,,한국은행API 통관수출입 수입금액지수 Q,"0 13 4 5 * ?",M05,bar10000QService,efams.batch.model.BokBatchParam,"{""id"": 98, ""apiId"": 14, ""endDate"": """", ""apiAskId"": 98, ""strtDate"": """"}",
BAR10090,"01",wan8853,2024-01-04 16:50:45.055,N,,한국은행API 통관수출입 소득교역조건지수 M,"0 15 4 5 * ?",M05,bar10000MService,efams.batch.model.BokBatchParam,"{""id"": 101, ""apiId"": 14, ""endDate"": """", ""apiAskId"": 101, ""strtDate"": """"}",
BAR10091,"01",wan8853,2024-01-04 16:51:03.831,N,,한국은행API 통관수출입 소득교역조건지수 Q,"0 16 4 5 * ?",M05,bar10000QService,efams.batch.model.BokBatchParam,"{""id"": 101, ""apiId"": 14, ""endDate"": """", ""apiAskId"": 101, ""strtDate"": """"}",
BAR10093,"01",wan8853,2024-01-04 16:51:24.246,N,,한국은행API 통관수출입 순상품교역조건지수 M,"0 18 4 5 * ?",M05,bar10000MService,efams.batch.model.BokBatchParam,"{""id"": 104, ""apiId"": 14, ""endDate"": """", ""apiAskId"": 104, ""strtDate"": """"}",
BAR10094,"01",wan8853,2024-01-04 16:51:40.046,N,,한국은행API 통관수출입 순상품교역조건지수 Q,"0 19 4 5 * ?",M05,bar10000QService,efams.batch.model.BokBatchParam,"{""id"": 104, ""apiId"": 14, ""endDate"": """", ""apiAskId"": 104, ""strtDate"": """"}",
BAR60006,"01",bar60000,2025-10-17 03:04:08.742,Y,"0200",K01. 기준금리 K01. 기준금리 AUTO,"0 6 9 * * ?",M05,barApiExecutorService,efams.batch.model.BarApiBatchParam,"{""apiAskId"":1403,""apiId"":30,""prid"":""D"",""srtDate"":"""",""endDate"":""""}",BAR60000_AUTO
BAR10004,"01",wan8853,2024-01-04 16:34:24.741,N,,"한국은행API 통화량 M2(광의통화, 평잔) A","0 3 3 5 * ?",M05,bar10000AService,efams.batch.model.BokBatchParam,"{""id"": 16, ""apiId"": 14, ""endDate"": """", ""apiAskId"": 16, ""strtDate"": """"}",
BAR60001,"01",bar60000,2025-10-20 15:27:37.661,Y,"0200",EK1. 에너지사용 및 온실가스배출(제조업부문 업종별 CO₂ 배출량) EK1. 에너지사용 및 온실가스배출(제조업부문 업종별 CO₂,"0 31 13 * * ?",M05,barApiExecutorService,efams.batch.model.BarApiBatchParam,"{""apiAskId"":1398,""apiId"":25}",BAR60000_AUTO
BAR60002,"01",bar60000,2025-10-17 03:04:08.742,Y,"0200",EK2. 에너지사용 및 온실가스배출(제조업부문 업종별 에너지소비량) EK2. 에너지사용 및 온실가스배출(제조업부문 업종별 에너,"0 32 13 * * ?",M05,barApiExecutorService,efams.batch.model.BarApiBatchParam,"{""apiAskId"":1399,""apiId"":26}",BAR60000_AUTO
BAR60003,"01",bar60000,2025-10-17 03:04:08.742,Y,"0200",EK3. 신재생에너지보급실적(태양열) EK3. 신재생에너지보급실적(태양열) AUTO,"0 33 13 * * ?",M05,barApiExecutorService,efams.batch.model.BarApiBatchParam,"{""apiAskId"":1400,""apiId"":27}",BAR60000_AUTO
BAR60004,"01",bar60000,2025-10-17 03:04:08.742,Y,"0200",EL1. 에너지 수입액 EL1. 에너지 수입액 AUTO,"0 34 13 * * ?",M05,barApiExecutorService,efams.batch.model.BarApiBatchParam,"{""apiAskId"":1401,""apiId"":28}",BAR60000_AUTO
BAR60005,"01",bar60000,2025-10-17 03:04:08.742,Y,"0200",H1. 국제 환률 H1. 국제 환률 AUTO,"0 5 9 * * ?",M05,barApiExecutorService,efams.batch.model.BarApiBatchParam,"{""apiAskId"":1402,""apiId"":29}",BAR60000_AUTO
BAR60007,"01",bar60000,2025-10-17 03:04:08.742,Y,"0200",K02. 콜금리 K02. 콜금리 AUTO,"0 7 9 * * ?",M05,barApiExecutorService,efams.batch.model.BarApiBatchParam,"{""apiAskId"":1404,""apiId"":31,""prid"":""D"",""srtDate"":"""",""endDate"":""""}",BAR60000_AUTO
BAR60008,"01",bar60000,2025-10-17 03:04:08.742,Y,"0200","K03. 한국리보금리(KORIBOR,3개월) K03. 한국리보금리(KORIBOR,3개월) AUTO","0 3 10 * * ?",M05,barApiExecutorService,efams.batch.model.BarApiBatchParam,"{""apiAskId"":1405,""apiId"":32,""prid"":""D"",""srtDate"":"""",""endDate"":""""}",BAR60000_AUTO
BAR60009,"01",bar60000,2025-10-17 03:04:08.742,Y,"0200",K04. 통안증권-1년 K04. 통안증권-1년 AUTO,"0 4 10 * * ?",M05,barApiExecutorService,efams.batch.model.BarApiBatchParam,"{""apiAskId"":1406,""apiId"":33,""prid"":""D"",""srtDate"":"""",""endDate"":""""}",BAR60000_AUTO
BAR60010,"01",bar60000,2025-10-17 03:04:08.742,Y,"0200",K05. 국고채(3년) K05. 국고채(3년) AUTO,"0 5 10 * * ?",M05,barApiExecutorService,efams.batch.model.BarApiBatchParam,"{""apiAskId"":1407,""apiId"":34,""prid"":""D"",""srtDate"":"""",""endDate"":""""}",BAR60000_AUTO
BAR60011,"01",bar60000,2025-10-17 03:04:08.742,Y,"0200",K06. 국고채(5년) K06. 국고채(5년) AUTO,"0 6 10 * * ?",M05,barApiExecutorService,efams.batch.model.BarApiBatchParam,"{""apiAskId"":1408,""apiId"":35,""prid"":""D"",""srtDate"":"""",""endDate"":""""}",BAR60000_AUTO
BAR10095,"01",wan8853,2024-01-04 16:51:52.006,N,,한국은행API 대외채권/채무 외환보유액 A,"0 20 4 5 * ?",M05,bar10000AService,efams.batch.model.BokBatchParam,"{""id"": 107, ""apiId"": 14, ""endDate"": """", ""apiAskId"": 107, ""strtDate"": """"}",
BAR60012,"01",bar60000,2025-10-17 03:04:08.742,Y,"0200","K07. 회사채(3년, AA-) K07. 회사채(3년, AA-) AUTO","0 7 10 * * ?",M05,barApiExecutorService,efams.batch.model.BarApiBatchParam,"{""apiAskId"":1409,""apiId"":36,""prid"":""D"",""srtDate"":"""",""endDate"":""""}",BAR60000_AUTO
BAR10079,"01",wndms1045,2023-11-09 15:42:55.770,N,,한국은행API 환율 원/엔(100엔) 환율(매매기준율) D,"0 20 14 * * ?",M05,bar10000DService,efams.batch.model.BokBatchParam,"{""id"": 91, ""apiId"": 14, ""endDate"": """", ""apiAskId"": 91, ""strtDate"": """"}",
BAR10080,"01",wndms1045,2023-11-09 15:43:01.237,N,,한국은행API 환율 원/유로 환율(매매기준율) D,"0 22 14 * * ?",M05,bar10000DService,efams.batch.model.BokBatchParam,"{""id"": 92, ""apiId"": 14, ""endDate"": """", ""apiAskId"": 92, ""strtDate"": """"}",
BAR10081,"01",wndms1045,2023-11-09 15:43:06.368,N,,한국은행API 환율 원/달러 환율(종가) D,"0 24 14 * * ?",M05,bar10000DService,efams.batch.model.BokBatchParam,"{""id"": 93, ""apiId"": 14, ""endDate"": """", ""apiAskId"": 93, ""strtDate"": """"}",
BAR10082,"01",wndms1045,2023-11-09 15:43:10.351,N,,한국은행API 환율 원/위안 환율(종가) D,"0 26 14 * * ?",M05,bar10000DService,efams.batch.model.BokBatchParam,"{""id"": 94, ""apiId"": 14, ""endDate"": """", ""apiAskId"": 94, ""strtDate"": """"}",
BAR10108,"01",wan8853,2024-01-04 16:54:35.587,N,,한국은행API 소비자/생산자 물가 생활물가지수 M,"0 33 4 5 * ?",M05,bar10000MService,efams.batch.model.BokBatchParam,"{""id"": 119, ""apiId"": 14, ""endDate"": """", ""apiAskId"": 119, ""strtDate"": """"}",
BAR10009,"01",wan8853,2024-01-04 16:35:02.860,N,,한국은행API 통화량 Lf(평잔) Q,"0 8 3 5 * ?",M05,bar10000QService,efams.batch.model.BokBatchParam,"{""id"": 19, ""apiId"": 14, ""endDate"": """", ""apiAskId"": 19, ""strtDate"": """"}",
BAR10010,"01",wan8853,2024-01-04 16:35:11.044,N,,한국은행API 통화량 L(말잔) A,"0 9 3 5 * ?",M05,bar10000AService,efams.batch.model.BokBatchParam,"{""id"": 22, ""apiId"": 14, ""endDate"": """", ""apiAskId"": 22, ""strtDate"": """"}",
BAR10043,"01",wan8853,2024-01-04 16:41:42.406,N,,한국은행API 주식 주식거래대금 M,"0 32 3 5 * ?",M05,bar10000MService,efams.batch.model.BokBatchParam,"{""id"": 54, ""apiId"": 14, ""endDate"": """", ""apiAskId"": 54, ""strtDate"": """"}",
BAR10062,"01",wan8853,2024-01-04 16:45:43.043,N,,한국은행API 국제수지 경상수지 Q,"0 51 3 5 * ?",M05,bar10000QService,efams.batch.model.BokBatchParam,"{""id"": 72, ""apiId"": 14, ""endDate"": """", ""apiAskId"": 72, ""strtDate"": """"}",
BAR10109,"01",wan8853,2024-01-04 16:54:45.651,N,,한국은행API 소비자/생산자 물가 생활물가지수 Q,"0 34 4 5 * ?",M05,bar10000QService,efams.batch.model.BokBatchParam,"{""id"": 119, ""apiId"": 14, ""endDate"": """", ""apiAskId"": 119, ""strtDate"": """"}",
BAR10113,"01",wan8853,2024-01-04 16:55:36.954,N,,한국은행API 수출입 물가 수입물가지수 A,"0 38 4 5 * ?",M05,bar10000AService,efams.batch.model.BokBatchParam,"{""id"": 125, ""apiId"": 14, ""endDate"": """", ""apiAskId"": 125, ""strtDate"": """"}",
BAR10063,"01",wan8853,2024-01-04 16:45:51.587,N,,한국은행API 국제수지 증권투자(부채) A,"0 52 3 5 * ?",M05,bar10000AService,efams.batch.model.BokBatchParam,"{""id"": 75, ""apiId"": 14, ""endDate"": """", ""apiAskId"": 75, ""strtDate"": """"}",
BAR10064,"01",wan8853,2024-01-04 16:46:03.779,N,,한국은행API 국제수지 증권투자(부채) M,"0 53 3 5 * ?",M05,bar10000MService,efams.batch.model.BokBatchParam,"{""id"": 75, ""apiId"": 14, ""endDate"": """", ""apiAskId"": 75, ""strtDate"": """"}",
BAR10096,"01",wan8853,2024-01-04 16:52:02.909,N,,한국은행API 대외채권/채무 외환보유액 M,"0 21 4 5 * ?",M05,bar10000MService,efams.batch.model.BokBatchParam,"{""id"": 107, ""apiId"": 14, ""endDate"": """", ""apiAskId"": 107, ""strtDate"": """"}",
BAR10098,"01",wan8853,2024-01-04 16:52:35.349,N,,한국은행API 소비자/생산자 물가 생산자물가지수 A,"0 23 4 5 * ?",M05,bar10000AService,efams.batch.model.BokBatchParam,"{""id"": 110, ""apiId"": 14, ""endDate"": """", ""apiAskId"": 110, ""strtDate"": """"}",
BAR10101,"01",wan8853,2024-01-04 16:53:10.462,N,,한국은행API 소비자/생산자 물가 소비자물가지수 A,"0 26 4 5 * ?",M05,bar10000AService,efams.batch.model.BokBatchParam,"{""id"": 113, ""apiId"": 14, ""endDate"": """", ""apiAskId"": 113, ""strtDate"": """"}",
BAR10102,"01",wan8853,2024-01-04 16:53:31.973,N,,한국은행API 소비자/생산자 물가 소비자물가지수 M,"0 27 4 5 * ?",M05,bar10000MService,efams.batch.model.BokBatchParam,"{""id"": 113, ""apiId"": 14, ""endDate"": """", ""apiAskId"": 113, ""strtDate"": """"}",
BAR10104,"01",wan8853,2024-01-04 16:53:50.875,N,,한국은행API 소비자/생산자 물가 농산물 및 석유류제외 소비자물가지수 A,"0 29 4 5 * ?",M05,bar10000AService,efams.batch.model.BokBatchParam,"{""id"": 116, ""apiId"": 14, ""endDate"": """", ""apiAskId"": 116, ""strtDate"": """"}",
BAR10105,"01",wan8853,2024-01-04 16:54:02.684,N,,한국은행API 소비자/생산자 물가 농산물 및 석유류제외 소비자물가지수 M,"0 30 4 5 * ?",M05,bar10000MService,efams.batch.model.BokBatchParam,"{""id"": 116, ""apiId"": 14, ""endDate"": """", ""apiAskId"": 116, ""strtDate"": """"}",
BAR10099,"01",wan8853,2024-05-18 13:52:02.556,N,,한국은행API 소비자/생산자 물가 생산자물가지수 M,"0 24 4 5 * ?",M05,bar10000MService,efams.batch.model.BokBatchParam,"{""id"": 110, ""apiId"": 14, ""endDate"": """", ""apiAskId"": 110, ""strtDate"": """"}",
BAR10016,"01",wan8853,2024-01-04 16:36:00.859,N,,한국은행API 예금/대출금 예금은행대출금(말잔) A,"0 15 3 5 * ?",M05,bar10000AService,efams.batch.model.BokBatchParam,"{""id"": 28, ""apiId"": 14, ""endDate"": """", ""apiAskId"": 28, ""strtDate"": """"}",
BAR10019,"01",wan8853,2024-01-04 16:36:49.434,N,,한국은행API 예금/대출금 가계신용 A,"0 18 3 5 * ?",M05,bar10000AService,efams.batch.model.BokBatchParam,"{""id"": 31, ""apiId"": 14, ""endDate"": """", ""apiAskId"": 31, ""strtDate"": """"}",
BAR10021,"01",wan8853,2024-01-04 16:37:35.128,N,,한국은행API 예금/대출금 가계대출연체율 A,"0 20 3 5 * ?",M05,bar10000AService,efams.batch.model.BokBatchParam,"{""id"": 33, ""apiId"": 14, ""endDate"": """", ""apiAskId"": 33, ""strtDate"": """"}",
BAR10023,"01",wan8853,2024-01-04 16:38:26.481,N,,한국은행API 시장금리 한국은행API 기준금리 A,"0 22 3 5 * ?",M05,bar10000AService,efams.batch.model.BokBatchParam,"{""id"": 35, ""apiId"": 14, ""endDate"": """", ""apiAskId"": 35, ""strtDate"": """"}",
BAR10034,"01",wan8853,2024-01-04 16:39:38.208,N,,한국은행API 여수신금리 예금은행 수신금리 A,"0 25 3 5 * ?",M05,bar10000AService,efams.batch.model.BokBatchParam,"{""id"": 46, ""apiId"": 14, ""endDate"": """", ""apiAskId"": 46, ""strtDate"": """"}",
BAR10037,"01",wan8853,2024-01-04 16:40:16.928,N,,한국은행API 여수신금리 예금은행 대출금리 A,"0 28 3 5 * ?",M05,bar10000AService,efams.batch.model.BokBatchParam,"{""id"": 49, ""apiId"": 14, ""endDate"": """", ""apiAskId"": 49, ""strtDate"": """"}",
BAR10128,"01",wan8853,2024-01-04 16:58:06.073,N,,한국은행API 경기순환지표 경기동행지수순환변동치 M,"0 53 4 5 * ?",M05,bar10000MService,efams.batch.model.BokBatchParam,"{""id"": 140, ""apiId"": 14, ""endDate"": """", ""apiAskId"": 140, ""strtDate"": """"}",
BAR10044,"01",wan8853,2024-01-04 16:41:56.046,N,,한국은행API 주식 고객예탁금 A,"0 33 3 5 * ?",M05,bar10000AService,efams.batch.model.BokBatchParam,"{""id"": 56, ""apiId"": 14, ""endDate"": """", ""apiAskId"": 56, ""strtDate"": """"}",
BAR10077,"01",wan8853,2024-01-04 16:48:38.240,N,,한국은행API 대외채권/채무 대외채권 A,"0 6 4 5 * ?",M05,bar10000AService,efams.batch.model.BokBatchParam,"{""id"": 89, ""apiId"": 14, ""endDate"": """", ""apiAskId"": 89, ""strtDate"": """"}",
BAR10078,"01",wan8853,2024-01-04 16:48:51.560,N,,한국은행API 대외채권/채무 대외채권 Q,"0 7 4 5 * ?",M05,bar10000QService,efams.batch.model.BokBatchParam,"{""id"": 89, ""apiId"": 14, ""endDate"": """", ""apiAskId"": 89, ""strtDate"": """"}",
BAR10107,"01",wan8853,2024-01-04 16:54:25.627,N,,한국은행API 소비자/생산자 물가 생활물가지수 A,"0 32 4 5 * ?",M05,bar10000AService,efams.batch.model.BokBatchParam,"{""id"": 119, ""apiId"": 14, ""endDate"": """", ""apiAskId"": 119, ""strtDate"": """"}",
BAR10049,"01",wan8853,2024-01-04 16:43:02.509,N,,한국은행API 채권 국고채발행액 M,"0 38 3 5 * ?",M05,bar10000MService,efams.batch.model.BokBatchParam,"{""id"": 60, ""apiId"": 14, ""endDate"": """", ""apiAskId"": 60, ""strtDate"": """"}",
BAR10067,"01",wan8853,2024-01-04 16:46:35.395,N,,한국은행API 국제수지 증권투자(자산) M,"0 56 3 5 * ?",M05,bar10000MService,efams.batch.model.BokBatchParam,"{""id"": 78, ""apiId"": 14, ""endDate"": """", ""apiAskId"": 78, ""strtDate"": """"}",
BAR10110,"01",wan8853,2024-01-04 16:54:54.275,N,,한국은행API 수출입 물가 수출물가지수 A,"0 35 4 5 * ?",M05,bar10000AService,efams.batch.model.BokBatchParam,"{""id"": 122, ""apiId"": 14, ""endDate"": """", ""apiAskId"": 122, ""strtDate"": """"}",
BAR10045,"01",wan8853,2024-01-04 16:42:06.942,N,,한국은행API 주식 고객예탁금 M,"0 34 3 5 * ?",M05,bar10000MService,efams.batch.model.BokBatchParam,"{""id"": 56, ""apiId"": 14, ""endDate"": """", ""apiAskId"": 56, ""strtDate"": """"}",
BAR10068,"01",wan8853,2024-01-04 16:46:46.202,N,,한국은행API 국제수지 증권투자(자산) Q,"0 57 3 5 * ?",M05,bar10000QService,efams.batch.model.BokBatchParam,"{""id"": 78, ""apiId"": 14, ""endDate"": """", ""apiAskId"": 78, ""strtDate"": """"}",
BAR10046,"01",wan8853,2024-01-04 16:42:21.005,N,,한국은행API 채권 채권거래대금 A,"0 35 3 5 * ?",M05,bar10000AService,efams.batch.model.BokBatchParam,"{""id"": 58, ""apiId"": 14, ""endDate"": """", ""apiAskId"": 58, ""strtDate"": """"}",
BAR10047,"01",wan8853,2024-01-04 16:42:30.950,N,,한국은행API 채권 채권거래대금 M,"0 36 3 5 * ?",M05,bar10000MService,efams.batch.model.BokBatchParam,"{""id"": 58, ""apiId"": 14, ""endDate"": """", ""apiAskId"": 58, ""strtDate"": """"}",
BAR10069,"01",wan8853,2024-01-04 16:46:57.450,N,,한국은행API 국제수지 직접투자(부채) A,"0 58 3 5 * ?",M05,bar10000AService,efams.batch.model.BokBatchParam,"{""id"": 81, ""apiId"": 14, ""endDate"": """", ""apiAskId"": 81, ""strtDate"": """"}",
BAR10071,"01",wan8853,2024-01-04 16:47:18.258,N,,한국은행API 국제수지 직접투자(부채) Q,"0 0 4 5 * ?",M05,bar10000QService,efams.batch.model.BokBatchParam,"{""id"": 81, ""apiId"": 14, ""endDate"": """", ""apiAskId"": 81, ""strtDate"": """"}",
BAR10074,"01",wan8853,2024-01-04 16:48:01.136,N,,한국은행API 국제수지 직접투자(자산) Q,"0 3 4 5 * ?",M05,bar10000QService,efams.batch.model.BokBatchParam,"{""id"": 84, ""apiId"": 14, ""endDate"": """", ""apiAskId"": 84, ""strtDate"": """"}",
BAR10076,"01",wan8853,2024-01-04 16:48:24.993,N,,한국은행API 대외채권/채무 대외채무 Q,"0 5 4 5 * ?",M05,bar10000QService,efams.batch.model.BokBatchParam,"{""id"": 87, ""apiId"": 14, ""endDate"": """", ""apiAskId"": 87, ""strtDate"": """"}",
BAR10086,"01",wan8853,2024-01-04 16:50:00.063,N,,한국은행API 통관수출입 수입금액지수 A,"0 11 4 5 * ?",M05,bar10000AService,efams.batch.model.BokBatchParam,"{""id"": 98, ""apiId"": 14, ""endDate"": """", ""apiAskId"": 98, ""strtDate"": """"}",
BAR10103,"01",wan8853,2024-01-04 16:53:40.116,N,,한국은행API 소비자/생산자 물가 소비자물가지수 Q,"0 28 4 5 * ?",M05,bar10000QService,efams.batch.model.BokBatchParam,"{""id"": 113, ""apiId"": 14, ""endDate"": """", ""apiAskId"": 113, ""strtDate"": """"}",
BAR10106,"01",wan8853,2024-01-04 16:54:15.449,N,,한국은행API 소비자/생산자 물가 농산물 및 석유류제외 소비자물가지수 Q,"0 31 4 5 * ?",M05,bar10000QService,efams.batch.model.BokBatchParam,"{""id"": 116, ""apiId"": 14, ""endDate"": """", ""apiAskId"": 116, ""strtDate"": """"}",
BAR10111,"01",wan8853,2024-01-04 16:55:04.059,N,,한국은행API 수출입 물가 수출물가지수 M,"0 36 4 5 * ?",M05,bar10000MService,efams.batch.model.BokBatchParam,"{""id"": 122, ""apiId"": 14, ""endDate"": """", ""apiAskId"": 122, ""strtDate"": """"}",
BAR10139,"01",wan8853,2024-01-04 16:59:54.527,N,,한국은행API 생산 제조업출하지수 Q,"0 4 5 5 * ?",M05,bar10000QService,efams.batch.model.BokBatchParam,"{""id"": 150, ""apiId"": 14, ""endDate"": """", ""apiAskId"": 150, ""strtDate"": """"}",
BAR10024,"01",wndms1045,2023-11-09 15:41:11.808,N,,한국은행API 시장금리 한국은행API 기준금리 D,"0 0 14 * * ?",M05,bar10000DService,efams.batch.model.BokBatchParam,"{""id"": 35, ""apiId"": 14, ""endDate"": """", ""apiAskId"": 35, ""strtDate"": """"}",
BAR10027,"01",wndms1045,2023-11-09 15:41:20.849,N,,한국은행API 시장금리 CD수익률(91일) D,"0 2 14 * * ?",M05,bar10000DService,efams.batch.model.BokBatchParam,"{""id"": 39, ""apiId"": 14, ""endDate"": """", ""apiAskId"": 39, ""strtDate"": """"}",
BAR10028,"01",wndms1045,2023-11-09 15:41:24.291,N,,한국은행API 시장금리 KORIBOR(3개월) D,"0 4 14 * * ?",M05,bar10000DService,efams.batch.model.BokBatchParam,"{""id"": 40, ""apiId"": 14, ""endDate"": """", ""apiAskId"": 40, ""strtDate"": """"}",
BAR10029,"01",wndms1045,2023-11-09 15:41:28.109,N,,한국은행API 시장금리 국고채수익률(3년) D,"0 6 14 * * ?",M05,bar10000DService,efams.batch.model.BokBatchParam,"{""id"": 41, ""apiId"": 14, ""endDate"": """", ""apiAskId"": 41, ""strtDate"": """"}",
BAR10030,"01",wndms1045,2023-11-09 15:41:31.478,N,,한국은행API 시장금리 국고채수익률(5년) D,"0 8 14 * * ?",M05,bar10000DService,efams.batch.model.BokBatchParam,"{""id"": 42, ""apiId"": 14, ""endDate"": """", ""apiAskId"": 42, ""strtDate"": """"}",
BAR10031,"01",wndms1045,2023-11-09 15:41:34.753,N,,한국은행API 시장금리 콜금리(익일물) D,"0 10 14 * * ?",M05,bar10000DService,efams.batch.model.BokBatchParam,"{""id"": 43, ""apiId"": 14, ""endDate"": """", ""apiAskId"": 43, ""strtDate"": """"}",
BAR10032,"01",wndms1045,2023-11-09 15:41:38.119,N,,한국은행API 시장금리 통안증권수익률(364일) D,"0 12 14 * * ?",M05,bar10000DService,efams.batch.model.BokBatchParam,"{""id"": 44, ""apiId"": 14, ""endDate"": """", ""apiAskId"": 44, ""strtDate"": """"}",
BAR10033,"01",wndms1045,2023-11-09 15:41:41.939,N,,"한국은행API 시장금리 회사채수익률(3년,AA-) D","0 14 14 * * ?",M05,bar10000DService,efams.batch.model.BokBatchParam,"{""id"": 45, ""apiId"": 14, ""endDate"": """", ""apiAskId"": 45, ""strtDate"": """"}",
BAR10040,"01",wndms1045,2023-11-09 15:41:59.399,N,,한국은행API 주식 코스닥지수 D,"0 16 14 * * ?",M05,bar10000DService,efams.batch.model.BokBatchParam,"{""id"": 52, ""apiId"": 14, ""endDate"": """", ""apiAskId"": 52, ""strtDate"": """"}",
BAR10166,"01",wan8853,2024-01-04 17:47:43.982,N,,한국은행API 고용 경제활동인구 M,"0 58 8 5 * ?",M05,bar10000MService,efams.batch.model.BokBatchParam,"{""id"": 177, ""apiId"": 14, ""endDate"": """", ""apiAskId"": 177, ""strtDate"": """"}",
BAR10005,"01",wan8853,2024-01-04 16:34:35.021,N,,"한국은행API 통화량 M2(광의통화, 평잔) M","0 4 3 5 * ?",M05,bar10000MService,efams.batch.model.BokBatchParam,"{""id"": 16, ""apiId"": 14, ""endDate"": """", ""apiAskId"": 16, ""strtDate"": """"}",
BAR10048,"01",wan8853,2024-01-04 16:42:40.181,N,,한국은행API 채권 국고채발행액 A,"0 37 3 5 * ?",M05,bar10000AService,efams.batch.model.BokBatchParam,"{""id"": 60, ""apiId"": 14, ""endDate"": """", ""apiAskId"": 60, ""strtDate"": """"}",
BAR10051,"01",wan8853,2024-01-04 16:43:24.141,N,,한국은행API GDP대비 비율 수출입의 대 GNI 비율 A,"0 40 3 5 * ?",M05,bar10000AService,efams.batch.model.BokBatchParam,"{""id"": 63, ""apiId"": 14, ""endDate"": """", ""apiAskId"": 63, ""strtDate"": """"}",
BAR10061,"01",wan8853,2024-01-04 16:45:32.307,N,,한국은행API 국제수지 경상수지 M,"0 50 3 5 * ?",M05,bar10000MService,efams.batch.model.BokBatchParam,"{""id"": 72, ""apiId"": 14, ""endDate"": """", ""apiAskId"": 72, ""strtDate"": """"}",
BAR10065,"01",wan8853,2024-01-04 16:46:16.433,N,,한국은행API 국제수지 증권투자(부채) Q,"0 54 3 5 * ?",M05,bar10000QService,efams.batch.model.BokBatchParam,"{""id"": 75, ""apiId"": 14, ""endDate"": """", ""apiAskId"": 75, ""strtDate"": """"}",
BAR10066,"01",wan8853,2024-01-04 16:46:26.283,N,,한국은행API 국제수지 증권투자(자산) A,"0 55 3 5 * ?",M05,bar10000AService,efams.batch.model.BokBatchParam,"{""id"": 78, ""apiId"": 14, ""endDate"": """", ""apiAskId"": 78, ""strtDate"": """"}",
BAR10072,"01",wan8853,2024-01-04 16:47:33.649,N,,한국은행API 국제수지 직접투자(자산) A,"0 1 4 5 * ?",M05,bar10000AService,efams.batch.model.BokBatchParam,"{""id"": 84, ""apiId"": 14, ""endDate"": """", ""apiAskId"": 84, ""strtDate"": """"}",
BAR10073,"01",wan8853,2024-01-04 16:47:41.465,N,,한국은행API 국제수지 직접투자(자산) M,"0 2 4 5 * ?",M05,bar10000MService,efams.batch.model.BokBatchParam,"{""id"": 84, ""apiId"": 14, ""endDate"": """", ""apiAskId"": 84, ""strtDate"": """"}",
BAR10075,"01",wan8853,2024-01-04 16:48:10.794,N,,한국은행API 대외채권/채무 대외채무 A,"0 4 4 5 * ?",M05,bar10000AService,efams.batch.model.BokBatchParam,"{""id"": 87, ""apiId"": 14, ""endDate"": """", ""apiAskId"": 87, ""strtDate"": """"}",
BAR10112,"01",wan8853,2024-01-04 16:55:26.002,N,,한국은행API 수출입 물가 수출물가지수 Q,"0 37 4 5 * ?",M05,bar10000QService,efams.batch.model.BokBatchParam,"{""id"": 122, ""apiId"": 14, ""endDate"": """", ""apiAskId"": 122, ""strtDate"": """"}",
BAR10115,"01",wan8853,2024-01-04 16:55:55.394,N,,한국은행API 수출입 물가 수입물가지수 Q,"0 40 4 5 * ?",M05,bar10000QService,efams.batch.model.BokBatchParam,"{""id"": 125, ""apiId"": 14, ""endDate"": """", ""apiAskId"": 125, ""strtDate"": """"}",
BAR10116,"01",wan8853,2024-01-04 16:56:03.778,N,,한국은행API 부동산 가격 지가변동률(전기대비) M,"0 41 4 5 * ?",M05,bar10000MService,efams.batch.model.BokBatchParam,"{""id"": 128, ""apiId"": 14, ""endDate"": """", ""apiAskId"": 128, ""strtDate"": """"}",
BAR10117,"01",wan8853,2024-01-04 16:56:13.610,N,,한국은행API 부동산 가격 주택매매가격지수 M,"0 42 4 5 * ?",M05,bar10000MService,efams.batch.model.BokBatchParam,"{""id"": 129, ""apiId"": 14, ""endDate"": """", ""apiAskId"": 129, ""strtDate"": """"}",
BAR10118,"01",wan8853,2024-01-04 16:56:22.378,N,,한국은행API 부동산 가격 주택전세가격지수 M,"0 43 4 5 * ?",M05,bar10000MService,efams.batch.model.BokBatchParam,"{""id"": 130, ""apiId"": 14, ""endDate"": """", ""apiAskId"": 130, ""strtDate"": """"}",
BAR10119,"01",wan8853,2024-01-04 16:56:31.353,N,,한국은행API 기업경영지표 제조업매출액세전순이익률 A,"0 44 4 5 * ?",M05,bar10000AService,efams.batch.model.BokBatchParam,"{""id"": 131, ""apiId"": 14, ""endDate"": """", ""apiAskId"": 131, ""strtDate"": """"}",
BAR10120,"01",wan8853,2024-01-04 16:56:40.321,N,,한국은행API 기업경영지표 제조업매출액증감률 A,"0 45 4 5 * ?",M05,bar10000AService,efams.batch.model.BokBatchParam,"{""id"": 132, ""apiId"": 14, ""endDate"": """", ""apiAskId"": 132, ""strtDate"": """"}",
BAR10121,"01",wan8853,2024-01-04 16:56:49.761,N,,한국은행API 기업경영지표 제조업부채비율 A,"0 46 4 5 * ?",M05,bar10000AService,efams.batch.model.BokBatchParam,"{""id"": 133, ""apiId"": 14, ""endDate"": """", ""apiAskId"": 133, ""strtDate"": """"}",
BAR10122,"01",wan8853,2024-01-04 16:56:59.930,N,,한국은행API 심리지표 제조업업황실적BSI M,"0 47 4 5 * ?",M05,bar10000MService,efams.batch.model.BokBatchParam,"{""id"": 134, ""apiId"": 14, ""endDate"": """", ""apiAskId"": 134, ""strtDate"": """"}",
BAR10124,"01",wan8853,2024-01-04 16:57:18.929,N,,한국은행API 심리지표 경제심리지수 M,"0 49 4 5 * ?",M05,bar10000MService,efams.batch.model.BokBatchParam,"{""id"": 136, ""apiId"": 14, ""endDate"": """", ""apiAskId"": 136, ""strtDate"": """"}",
BAR10125,"01",wan8853,2024-01-04 16:57:28.912,N,,한국은행API 소비 개인신용카드사용액 A,"0 50 4 5 * ?",M05,bar10000AService,efams.batch.model.BokBatchParam,"{""id"": 137, ""apiId"": 14, ""endDate"": """", ""apiAskId"": 137, ""strtDate"": """"}",
BAR10126,"01",wan8853,2024-01-04 16:57:38.097,N,,한국은행API 소비 개인신용카드사용액 M,"0 51 4 5 * ?",M05,bar10000MService,efams.batch.model.BokBatchParam,"{""id"": 137, ""apiId"": 14, ""endDate"": """", ""apiAskId"": 137, ""strtDate"": """"}",
BAR10127,"01",wan8853,2024-01-04 16:57:56.990,N,,한국은행API 소비 개인신용카드사용액 Q,"0 52 4 5 * ?",M05,bar10000QService,efams.batch.model.BokBatchParam,"{""id"": 137, ""apiId"": 14, ""endDate"": """", ""apiAskId"": 137, ""strtDate"": """"}",
BAR10129,"01",wan8853,2024-01-04 16:58:13.623,N,,한국은행API 경기순환지표 경기선행지수순환변동치 M,"0 54 4 5 * ?",M05,bar10000MService,efams.batch.model.BokBatchParam,"{""id"": 141, ""apiId"": 14, ""endDate"": """", ""apiAskId"": 141, ""strtDate"": """"}",
BAR10130,"01",wan8853,2024-01-04 16:58:21.944,N,,한국은행API 투자 설비투자지수 M,"0 55 4 5 * ?",M05,bar10000MService,efams.batch.model.BokBatchParam,"{""id"": 142, ""apiId"": 14, ""endDate"": """", ""apiAskId"": 142, ""strtDate"": """"}",
BAR10131,"01",wan8853,2024-01-04 16:58:31.056,N,,한국은행API 투자 설비투자지수 Q,"0 56 4 5 * ?",M05,bar10000QService,efams.batch.model.BokBatchParam,"{""id"": 142, ""apiId"": 14, ""endDate"": """", ""apiAskId"": 142, ""strtDate"": """"}",
BAR10132,"01",wan8853,2024-01-04 16:58:42.464,N,,한국은행API 생산 전산업생산지수(농림어업제외) M,"0 57 4 5 * ?",M05,bar10000MService,efams.batch.model.BokBatchParam,"{""id"": 144, ""apiId"": 14, ""endDate"": """", ""apiAskId"": 144, ""strtDate"": """"}",
BAR10133,"01",wan8853,2024-01-04 16:58:54.247,N,,한국은행API 생산 전산업생산지수(농림어업제외) Q,"0 58 4 5 * ?",M05,bar10000QService,efams.batch.model.BokBatchParam,"{""id"": 144, ""apiId"": 14, ""endDate"": """", ""apiAskId"": 144, ""strtDate"": """"}",
BAR10134,"01",wan8853,2024-01-04 16:59:04.678,N,,한국은행API 생산 제조업생산지수 M,"0 59 4 5 * ?",M05,bar10000MService,efams.batch.model.BokBatchParam,"{""id"": 146, ""apiId"": 14, ""endDate"": """", ""apiAskId"": 146, ""strtDate"": """"}",
BAR10136,"01",wan8853,2024-01-04 16:59:23.607,N,,한국은행API 생산 제조업재고지수 M,"0 1 5 5 * ?",M05,bar10000MService,efams.batch.model.BokBatchParam,"{""id"": 148, ""apiId"": 14, ""endDate"": """", ""apiAskId"": 148, ""strtDate"": """"}",
BAR10137,"01",wan8853,2024-01-04 16:59:34.221,N,,한국은행API 생산 제조업재고지수 Q,"0 2 5 5 * ?",M05,bar10000QService,efams.batch.model.BokBatchParam,"{""id"": 148, ""apiId"": 14, ""endDate"": """", ""apiAskId"": 148, ""strtDate"": """"}",
BAR10138,"01",wan8853,2024-01-04 16:59:44.820,N,,한국은행API 생산 제조업출하지수 M,"0 3 5 5 * ?",M05,bar10000MService,efams.batch.model.BokBatchParam,"{""id"": 150, ""apiId"": 14, ""endDate"": """", ""apiAskId"": 150, ""strtDate"": """"}",
BAR10011,"01",wan8853,2024-01-04 16:35:19.707,N,,한국은행API 통화량 L(말잔) M,"0 10 3 5 * ?",M05,bar10000MService,efams.batch.model.BokBatchParam,"{""id"": 22, ""apiId"": 14, ""endDate"": """", ""apiAskId"": 22, ""strtDate"": """"}",
BAR10001,"01",wndms1045,2024-01-04 16:21:15.851,N,,"한국은행API 통화량 M1(협의통화, 평잔) A","0 0 3 5 * ?",M05,bar10000AService,efams.batch.model.BokBatchParam,"{""id"": 13, ""apiId"": 14, ""endDate"": """", ""apiAskId"": 13, ""strtDate"": """"}",
BAR10002,"01",wan8853,2024-01-04 16:34:02.726,N,,"한국은행API 통화량 M1(협의통화, 평잔) M","0 1 3 5 * ?",M05,bar10000MService,efams.batch.model.BokBatchParam,"{""id"": 13, ""apiId"": 14, ""endDate"": """", ""apiAskId"": 13, ""strtDate"": """"}",
BAR10012,"01",wan8853,2024-01-04 16:35:25.961,N,,한국은행API 통화량 L(말잔) Q,"0 11 3 5 * ?",M05,bar10000QService,efams.batch.model.BokBatchParam,"{""id"": 22, ""apiId"": 14, ""endDate"": """", ""apiAskId"": 22, ""strtDate"": """"}",
BAR10013,"01",wan8853,2024-01-04 16:35:31.428,N,,한국은행API 예금/대출금 예금은행총예금(말잔) A,"0 12 3 5 * ?",M05,bar10000AService,efams.batch.model.BokBatchParam,"{""id"": 25, ""apiId"": 14, ""endDate"": """", ""apiAskId"": 25, ""strtDate"": """"}",
BAR10114,"01",wan8853,2024-01-04 16:55:45.299,N,,한국은행API 수출입 물가 수입물가지수 M,"0 39 4 5 * ?",M05,bar10000MService,efams.batch.model.BokBatchParam,"{""id"": 125, ""apiId"": 14, ""endDate"": """", ""apiAskId"": 125, ""strtDate"": """"}",
BAR10123,"01",wan8853,2024-01-04 16:57:09.857,N,,한국은행API 심리지표 소비자심리지수 M,"0 48 4 5 * ?",M05,bar10000MService,efams.batch.model.BokBatchParam,"{""id"": 135, ""apiId"": 14, ""endDate"": """", ""apiAskId"": 135, ""strtDate"": """"}",
BAR10135,"01",wan8853,2024-01-04 16:59:14.805,N,,한국은행API 생산 제조업생산지수 Q,"0 0 5 5 * ?",M05,bar10000QService,efams.batch.model.BokBatchParam,"{""id"": 146, ""apiId"": 14, ""endDate"": """", ""apiAskId"": 146, ""strtDate"": """"}",
BAR10140,"01",wan8853,2024-01-04 17:00:04.167,N,,한국은행API 투자 기계류내수출하지수 M,"0 5 5 5 * ?",M05,bar10000MService,efams.batch.model.BokBatchParam,"{""id"": 152, ""apiId"": 14, ""endDate"": """", ""apiAskId"": 152, ""strtDate"": """"}",
BAR10142,"01",wan8853,2024-01-04 17:00:21.772,N,,한국은행API 생산 제조업가동률지수 M,"0 7 5 5 * ?",M05,bar10000MService,efams.batch.model.BokBatchParam,"{""id"": 154, ""apiId"": 14, ""endDate"": """", ""apiAskId"": 154, ""strtDate"": """"}",
BAR10144,"01",wan8853,2024-01-04 17:00:41.078,N,,한국은행API 투자 국내수요기계수주액 A,"0 9 5 5 * ?",M05,bar10000AService,efams.batch.model.BokBatchParam,"{""id"": 156, ""apiId"": 14, ""endDate"": """", ""apiAskId"": 156, ""strtDate"": """"}",
BAR10146,"01",wan8853,2024-01-04 17:01:24.117,N,,한국은행API 투자 국내수요기계수주액 Q,"0 11 5 5 * ?",M05,bar10000QService,efams.batch.model.BokBatchParam,"{""id"": 156, ""apiId"": 14, ""endDate"": """", ""apiAskId"": 156, ""strtDate"": """"}",
BAR10147,"01",wan8853,2024-01-04 17:01:37.469,N,,한국은행API 투자 건설수주액 A,"0 12 5 5 * ?",M05,bar10000AService,efams.batch.model.BokBatchParam,"{""id"": 159, ""apiId"": 14, ""endDate"": """", ""apiAskId"": 159, ""strtDate"": """"}",
BAR10149,"01",wan8853,2024-01-04 17:01:58.357,N,,한국은행API 투자 건설수주액 Q,"0 14 5 5 * ?",M05,bar10000QService,efams.batch.model.BokBatchParam,"{""id"": 159, ""apiId"": 14, ""endDate"": """", ""apiAskId"": 159, ""strtDate"": """"}",
BAR10150,"01",wan8853,2024-01-04 17:02:11.085,N,,한국은행API 투자 건설기성액 M,"0 15 5 5 * ?",M05,bar10000MService,efams.batch.model.BokBatchParam,"{""id"": 162, ""apiId"": 14, ""endDate"": """", ""apiAskId"": 162, ""strtDate"": """"}",
BAR10151,"01",wan8853,2024-01-04 17:02:20.573,N,,한국은행API 투자 건설기성액 Q,"0 16 5 5 * ?",M05,bar10000QService,efams.batch.model.BokBatchParam,"{""id"": 162, ""apiId"": 14, ""endDate"": """", ""apiAskId"": 162, ""strtDate"": """"}",
BAR10152,"01",wan8853,2024-01-04 17:02:30.029,N,,한국은행API 투자 건축착공면적 M,"0 17 5 5 * ?",M05,bar10000MService,efams.batch.model.BokBatchParam,"{""id"": 164, ""apiId"": 14, ""endDate"": """", ""apiAskId"": 164, ""strtDate"": """"}",
BAR10003,"01",wan8853,2024-01-04 16:34:18.677,N,,"한국은행API 통화량 M1(협의통화, 평잔) Q","0 2 3 5 * ?",M05,bar10000QService,efams.batch.model.BokBatchParam,"{""id"": 13, ""apiId"": 14, ""endDate"": """", ""apiAskId"": 13, ""strtDate"": """"}",
BAR10154,"01",wan8853,2024-01-04 17:02:45.716,N,,한국은행API 생산 도소매업지수 M,"0 19 5 5 * ?",M05,bar10000MService,efams.batch.model.BokBatchParam,"{""id"": 166, ""apiId"": 14, ""endDate"": """", ""apiAskId"": 166, ""strtDate"": """"}",
BAR10155,"01",wan8853,2024-01-04 17:02:57.292,N,,한국은행API 생산 도소매업지수 Q,"0 20 5 5 * ?",M05,bar10000QService,efams.batch.model.BokBatchParam,"{""id"": 166, ""apiId"": 14, ""endDate"": """", ""apiAskId"": 166, ""strtDate"": """"}",
BAR10156,"01",wan8853,2024-01-04 17:03:06.691,N,,한국은행API 생산 서비스업생산지수 M,"0 21 5 5 * ?",M05,bar10000MService,efams.batch.model.BokBatchParam,"{""id"": 168, ""apiId"": 14, ""endDate"": """", ""apiAskId"": 168, ""strtDate"": """"}",
BAR10157,"01",wan8853,2024-01-04 17:03:19.004,N,,한국은행API 생산 서비스업생산지수 Q,"0 22 5 5 * ?",M05,bar10000QService,efams.batch.model.BokBatchParam,"{""id"": 168, ""apiId"": 14, ""endDate"": """", ""apiAskId"": 168, ""strtDate"": """"}",
BAR10158,"01",wan8853,2024-01-04 17:03:28.116,N,,한국은행API 소비 소매판매액지수 M,"0 23 5 5 * ?",M05,bar10000MService,efams.batch.model.BokBatchParam,"{""id"": 170, ""apiId"": 14, ""endDate"": """", ""apiAskId"": 170, ""strtDate"": """"}",
BAR10159,"01",wan8853,2024-01-04 17:03:39.891,N,,한국은행API 소비 소매판매액지수 Q,"0 24 5 5 * ?",M05,bar10000QService,efams.batch.model.BokBatchParam,"{""id"": 170, ""apiId"": 14, ""endDate"": """", ""apiAskId"": 170, ""strtDate"": """"}",
BAR10160,"01",wan8853,2024-01-04 17:03:48.795,N,,한국은행API 소비 자동차판매액지수 M,"0 25 5 5 * ?",M05,bar10000MService,efams.batch.model.BokBatchParam,"{""id"": 172, ""apiId"": 14, ""endDate"": """", ""apiAskId"": 172, ""strtDate"": """"}",
BAR10162,"01",wan8853,2024-01-04 17:46:57.935,N,,한국은행API 인구 고령인구비율(65세 이상) A,"0 27 5 5 * ?",M05,bar10000AService,efams.batch.model.BokBatchParam,"{""id"": 174, ""apiId"": 14, ""endDate"": """", ""apiAskId"": 174, ""strtDate"": """"}",
BAR10163,"01",wan8853,2024-01-04 17:47:13.239,N,,한국은행API 인구 추계인구 A,"0 28 5 5 * ?",M05,bar10000AService,efams.batch.model.BokBatchParam,"{""id"": 175, ""apiId"": 14, ""endDate"": """", ""apiAskId"": 175, ""strtDate"": """"}",
BAR10164,"01",wan8853,2024-01-04 17:47:23.302,N,,한국은행API 인구 합계출산율 A,"0 29 5 5 * ?",M05,bar10000AService,efams.batch.model.BokBatchParam,"{""id"": 176, ""apiId"": 14, ""endDate"": """", ""apiAskId"": 176, ""strtDate"": """"}",
BAR10168,"01",wan8853,2024-01-04 17:48:05.375,N,,한국은행API 고용 고용률 A,"0 32 5 5 * ?",M05,bar10000AService,efams.batch.model.BokBatchParam,"{""id"": 180, ""apiId"": 14, ""endDate"": """", ""apiAskId"": 180, ""strtDate"": """"}",
BAR10014,"01",wan8853,2024-01-04 16:35:37.315,N,,한국은행API 예금/대출금 예금은행총예금(말잔) M,"0 13 3 5 * ?",M05,bar10000MService,efams.batch.model.BokBatchParam,"{""id"": 25, ""apiId"": 14, ""endDate"": """", ""apiAskId"": 25, ""strtDate"": """"}",
BAR10015,"01",wan8853,2024-01-04 16:35:51.532,N,,한국은행API 예금/대출금 예금은행총예금(말잔) Q,"0 14 3 5 * ?",M05,bar10000QService,efams.batch.model.BokBatchParam,"{""id"": 25, ""apiId"": 14, ""endDate"": """", ""apiAskId"": 25, ""strtDate"": """"}",
BAR10017,"01",wan8853,2024-01-04 16:36:18.683,N,,한국은행API 예금/대출금 예금은행대출금(말잔) M,"0 16 3 5 * ?",M05,bar10000MService,efams.batch.model.BokBatchParam,"{""id"": 28, ""apiId"": 14, ""endDate"": """", ""apiAskId"": 28, ""strtDate"": """"}",
BAR10018,"01",wan8853,2024-01-04 16:36:41.970,N,,한국은행API 예금/대출금 예금은행대출금(말잔) Q,"0 17 3 5 * ?",M05,bar10000QService,efams.batch.model.BokBatchParam,"{""id"": 28, ""apiId"": 14, ""endDate"": """", ""apiAskId"": 28, ""strtDate"": """"}",
BAR10020,"01",wan8853,2024-01-04 16:37:04.531,N,,한국은행API 예금/대출금 가계신용 Q,"0 19 3 5 * ?",M05,bar10000QService,efams.batch.model.BokBatchParam,"{""id"": 31, ""apiId"": 14, ""endDate"": """", ""apiAskId"": 31, ""strtDate"": """"}",
BAR10022,"01",wan8853,2024-01-04 16:37:45.162,N,,한국은행API 예금/대출금 가계대출연체율 M,"0 21 3 5 * ?",M05,bar10000MService,efams.batch.model.BokBatchParam,"{""id"": 33, ""apiId"": 14, ""endDate"": """", ""apiAskId"": 33, ""strtDate"": """"}",
BAR10141,"01",wan8853,2024-01-04 17:00:13.087,N,,한국은행API 투자 기계류내수출하지수 Q,"0 6 5 5 * ?",M05,bar10000QService,efams.batch.model.BokBatchParam,"{""id"": 152, ""apiId"": 14, ""endDate"": """", ""apiAskId"": 152, ""strtDate"": """"}",
BAR10143,"01",wan8853,2024-01-04 17:00:30.702,N,,한국은행API 생산 제조업가동률지수 Q,"0 8 5 5 * ?",M05,bar10000QService,efams.batch.model.BokBatchParam,"{""id"": 154, ""apiId"": 14, ""endDate"": """", ""apiAskId"": 154, ""strtDate"": """"}",
BAR10145,"01",wan8853,2024-01-04 17:00:50.494,N,,한국은행API 투자 국내수요기계수주액 M,"0 10 5 5 * ?",M05,bar10000MService,efams.batch.model.BokBatchParam,"{""id"": 156, ""apiId"": 14, ""endDate"": """", ""apiAskId"": 156, ""strtDate"": """"}",
BAR10148,"01",wan8853,2024-01-04 17:01:46.524,N,,한국은행API 투자 건설수주액 M,"0 13 5 5 * ?",M05,bar10000MService,efams.batch.model.BokBatchParam,"{""id"": 159, ""apiId"": 14, ""endDate"": """", ""apiAskId"": 159, ""strtDate"": """"}",
BAR10153,"01",wan8853,2024-01-04 17:02:37.924,N,,한국은행API 투자 건축허가면적 M,"0 18 5 5 * ?",M05,bar10000MService,efams.batch.model.BokBatchParam,"{""id"": 165, ""apiId"": 14, ""endDate"": """", ""apiAskId"": 165, ""strtDate"": """"}",
BAR10161,"01",wan8853,2024-01-04 17:04:15.715,N,,한국은행API 소비 자동차판매액지수 Q,"0 26 5 5 * ?",M05,bar10000QService,efams.batch.model.BokBatchParam,"{""id"": 172, ""apiId"": 14, ""endDate"": """", ""apiAskId"": 172, ""strtDate"": """"}",
BAR10165,"01",wan8853,2024-01-04 17:47:33.382,N,,한국은행API 고용 경제활동인구 A,"0 30 5 5 * ?",M05,bar10000AService,efams.batch.model.BokBatchParam,"{""id"": 177, ""apiId"": 14, ""endDate"": """", ""apiAskId"": 177, ""strtDate"": """"}",
BAR10167,"01",wan8853,2024-01-04 17:47:54.373,N,,한국은행API 고용 경제활동인구 Q,"0 31 5 5 * ?",M05,bar10000QService,efams.batch.model.BokBatchParam,"{""id"": 177, ""apiId"": 14, ""endDate"": """", ""apiAskId"": 177, ""strtDate"": """"}",
BAR10170,"01",wan8853,2024-01-04 17:48:13.751,N,,한국은행API 고용 고용률 Q,"0 34 5 5 * ?",M05,bar10000QService,efams.batch.model.BokBatchParam,"{""id"": 180, ""apiId"": 14, ""endDate"": """", ""apiAskId"": 180, ""strtDate"": """"}",
BAR10169,"01",wan8853,2024-01-04 17:48:24.750,N,,한국은행API 고용 고용률 M,"0 33 5 5 * ?",M05,bar10000MService,efams.batch.model.BokBatchParam,"{""id"": 180, ""apiId"": 14, ""endDate"": """", ""apiAskId"": 180, ""strtDate"": """"}",
BAR10171,"01",wan8853,2024-01-04 17:48:34.030,N,,한국은행API 고용 실업률 A,"0 35 5 5 * ?",M05,bar10000AService,efams.batch.model.BokBatchParam,"{""id"": 183, ""apiId"": 14, ""endDate"": """", ""apiAskId"": 183, ""strtDate"": """"}",
BAR10172,"01",wan8853,2024-01-04 17:48:42.901,N,,한국은행API 고용 실업률 M,"0 36 5 5 * ?",M05,bar10000MService,efams.batch.model.BokBatchParam,"{""id"": 183, ""apiId"": 14, ""endDate"": """", ""apiAskId"": 183, ""strtDate"": """"}",
BAR10173,"01",wan8853,2024-01-04 17:48:52.821,N,,한국은행API 고용 실업률 Q,"0 37 5 5 * ?",M05,bar10000QService,efams.batch.model.BokBatchParam,"{""id"": 183, ""apiId"": 14, ""endDate"": """", ""apiAskId"": 183, ""strtDate"": """"}",
BAR10174,"01",wan8853,2024-01-04 17:49:01.396,N,,한국은행API 고용 취업자수 A,"0 38 5 5 * ?",M05,bar10000AService,efams.batch.model.BokBatchParam,"{""id"": 186, ""apiId"": 14, ""endDate"": """", ""apiAskId"": 186, ""strtDate"": """"}",
BAR10175,"01",wan8853,2024-01-04 17:49:09.982,N,,한국은행API 고용 취업자수 M,"0 39 5 5 * ?",M05,bar10000MService,efams.batch.model.BokBatchParam,"{""id"": 186, ""apiId"": 14, ""endDate"": """", ""apiAskId"": 186, ""strtDate"": """"}",
BAR10176,"01",wan8853,2024-01-04 17:49:18.192,N,,한국은행API 고용 취업자수 Q,"0 40 5 5 * ?",M05,bar10000QService,efams.batch.model.BokBatchParam,"{""id"": 186, ""apiId"": 14, ""endDate"": """", ""apiAskId"": 186, ""strtDate"": """"}",
BAR10177,"01",wan8853,2024-01-04 17:49:27.646,N,,한국은행API 노동 노동생산성지수 A,"0 41 5 5 * ?",M05,bar10000AService,efams.batch.model.BokBatchParam,"{""id"": 189, ""apiId"": 14, ""endDate"": """", ""apiAskId"": 189, ""strtDate"": """"}",
BAR10178,"01",wan8853,2024-01-04 17:49:35.364,N,,한국은행API 노동 노동생산성지수 Q,"0 42 5 5 * ?",M05,bar10000QService,efams.batch.model.BokBatchParam,"{""id"": 189, ""apiId"": 14, ""endDate"": """", ""apiAskId"": 189, ""strtDate"": """"}",
BAR10179,"01",wan8853,2024-01-04 17:49:43.707,N,,한국은행API 노동 단위노동비용지수 A,"0 43 5 5 * ?",M05,bar10000AService,efams.batch.model.BokBatchParam,"{""id"": 191, ""apiId"": 14, ""endDate"": """", ""apiAskId"": 191, ""strtDate"": """"}",
BAR10180,"01",wan8853,2024-01-04 17:49:53.035,N,,한국은행API 노동 단위노동비용지수 Q,"0 44 5 5 * ?",M05,bar10000QService,efams.batch.model.BokBatchParam,"{""id"": 191, ""apiId"": 14, ""endDate"": """", ""apiAskId"": 191, ""strtDate"": """"}",
BAR10181,"01",wan8853,2024-01-04 17:50:04.891,N,,한국은행API 노동 시간당명목임금지수 A,"0 45 5 5 * ?",M05,bar10000AService,efams.batch.model.BokBatchParam,"{""id"": 193, ""apiId"": 14, ""endDate"": """", ""apiAskId"": 193, ""strtDate"": """"}",
BAR10182,"01",wan8853,2024-01-04 17:50:12.988,N,,한국은행API 노동 시간당명목임금지수 Q,"0 46 5 5 * ?",M05,bar10000QService,efams.batch.model.BokBatchParam,"{""id"": 193, ""apiId"": 14, ""endDate"": """", ""apiAskId"": 193, ""strtDate"": """"}",
BAR10183,"01",wan8853,2024-01-04 17:50:20.684,N,,한국은행API 소득분배지표 5분위배율 A,"0 47 5 5 * ?",M05,bar10000AService,efams.batch.model.BokBatchParam,"{""id"": 195, ""apiId"": 14, ""endDate"": """", ""apiAskId"": 195, ""strtDate"": """"}",
BAR10184,"01",wan8853,2024-01-04 17:50:28.394,N,,한국은행API 소득분배지표 지니계수 A,"0 48 5 5 * ?",M05,bar10000AService,efams.batch.model.BokBatchParam,"{""id"": 196, ""apiId"": 14, ""endDate"": """", ""apiAskId"": 196, ""strtDate"": """"}",
BAR10185,"01",wan8853,2024-01-04 17:50:36.523,N,,한국은행API 가계 가구당월평균소득 Q,"0 49 5 5 * ?",M05,bar10000QService,efams.batch.model.BokBatchParam,"{""id"": 197, ""apiId"": 14, ""endDate"": """", ""apiAskId"": 197, ""strtDate"": """"}",
BAR60118,"01",bar60000,2025-10-17 03:04:08.742,Y,"0200",OP11.09 시군구별 면세유 주유소 평균가격 - 경남 OP11.09 시군구별 면세유 주유소 평균가격 - 경남 AUTO,"0 9 11 * * ?",M05,barApiExecutorService,efams.batch.model.BarApiBatchParam,"{""apiAskId"":1515,""apiId"":143}",BAR60000_AUTO
BAR60119,"01",bar60000,2025-10-17 03:04:08.742,Y,"0200",OP11.10 시군구별 면세유 주유소 평균가격 - 부산 OP11.10 시군구별 면세유 주유소 평균가격 - 부산 AUTO,"0 10 11 * * ?",M05,barApiExecutorService,efams.batch.model.BarApiBatchParam,"{""apiAskId"":1516,""apiId"":144}",BAR60000_AUTO
BAR60120,"01",bar60000,2025-10-17 03:04:08.742,Y,"0200",OP11.11 시군구별 면세유 주유소 평균가격 - 제주 OP11.11 시군구별 면세유 주유소 평균가격 - 제주 AUTO,"0 11 11 * * ?",M05,barApiExecutorService,efams.batch.model.BarApiBatchParam,"{""apiAskId"":1517,""apiId"":145}",BAR60000_AUTO
BAR60121,"01",bar60000,2025-10-17 03:04:08.742,Y,"0200",OP11.15 시군구별 면세유 주유소 평균가격 - 인천 OP11.15 시군구별 면세유 주유소 평균가격 - 인천 AUTO,"0 15 11 * * ?",M05,barApiExecutorService,efams.batch.model.BarApiBatchParam,"{""apiAskId"":1518,""apiId"":146}",BAR60000_AUTO
BAR60122,"01",bar60000,2025-10-17 03:04:08.742,Y,"0200",OP11.16 시군구별 면세유 주유소 평균가격 - 광주 OP11.16 시군구별 면세유 주유소 평균가격 - 광주 AUTO,"0 16 11 * * ?",M05,barApiExecutorService,efams.batch.model.BarApiBatchParam,"{""apiAskId"":1519,""apiId"":147}",BAR60000_AUTO
BAR10186,"01",wan8853,2024-01-04 17:50:45.883,N,,한국은행API 가계 평균소비성향 Q,"0 50 5 5 * ?",M05,bar10000QService,efams.batch.model.BokBatchParam,"{""id"": 198, ""apiId"": 14, ""endDate"": """", ""apiAskId"": 198, ""strtDate"": """"}",
BAR10187,"01",wan8853,2024-01-04 17:50:53.562,N,,"한국은행API 원자재 국제유가(Dubai, 현물) A","0 51 5 5 * ?",M05,bar10000AService,efams.batch.model.BokBatchParam,"{""id"": 199, ""apiId"": 14, ""endDate"": """", ""apiAskId"": 199, ""strtDate"": """"}",
BAR10188,"01",wan8853,2024-01-04 17:51:06.460,N,,"한국은행API 원자재 국제유가(Dubai, 현물) M","0 52 5 5 * ?",M05,bar10000MService,efams.batch.model.BokBatchParam,"{""id"": 199, ""apiId"": 14, ""endDate"": """", ""apiAskId"": 199, ""strtDate"": """"}",
BAR10189,"01",wan8853,2024-01-04 17:51:14.428,N,,"한국은행API 원자재 국제유가(Dubai, 현물) Q","0 53 5 5 * ?",M05,bar10000QService,efams.batch.model.BokBatchParam,"{""id"": 199, ""apiId"": 14, ""endDate"": """", ""apiAskId"": 199, ""strtDate"": """"}",
BAR10191,"01",wan8853,2024-01-04 17:51:32.044,N,,한국은행API 원자재 금 M,"0 55 5 5 * ?",M05,bar10000MService,efams.batch.model.BokBatchParam,"{""id"": 202, ""apiId"": 14, ""endDate"": """", ""apiAskId"": 202, ""strtDate"": """"}",
BAR10192,"01",wan8853,2024-01-04 17:52:02.716,N,,한국은행API 원자재 금 Q,"0 56 5 5 * ?",M05,bar10000QService,efams.batch.model.BokBatchParam,"{""id"": 202, ""apiId"": 14, ""endDate"": """", ""apiAskId"": 202, ""strtDate"": """"}",
BAR10190,"01",wan8853,2024-01-04 17:51:23.308,N,,한국은행API 원자재 금 A,"0 54 5 5 * ?",M05,bar10000AService,efams.batch.model.BokBatchParam,"{""id"": 202, ""apiId"": 14, ""endDate"": """", ""apiAskId"": 202, ""strtDate"": """"}",
