"batch_id","last_chng_mn_usid","last_chng_dt","load_table","stat_code","item_code","data_cycle"
BAR10001,"8150918",2023-10-06 09:21:51.281,MKBSSD,"101Y019",BBLA00,A
BAR10002,"8150918",2023-10-06 09:21:51.281,MKBSSD,"101Y019",BBLA00,M
BAR10003,"8150918",2023-10-06 09:21:51.281,MKBSSD,"101Y019",BBLA00,Q
BAR10004,"8150918",2023-10-06 09:21:51.281,MKBSSD,"101Y004",BBHA00,A
BAR10005,"8150918",2023-10-06 09:21:51.281,MKBSSD,"101Y004",BBHA00,M
BAR10006,"8150918",2023-10-06 09:21:51.281,MKBSSD,"101Y004",BBHA00,Q
BAR10007,"8150918",2023-10-06 09:21:51.281,MKBSSD,"111Y004",LA00000,A
BAR10008,"8150918",2023-10-06 09:21:51.281,MKBSSD,"111Y004",LA00000,M
BAR10009,"8150918",2023-10-06 09:21:51.281,MKBSSD,"111Y004",LA00000,Q
BAR10010,"8150918",2023-10-06 09:21:51.281,MKBSSD,"112Y002",X000000,A
BAR10011,"8150918",2023-10-06 09:21:51.281,MKBSSD,"112Y002",X000000,M
BAR10012,"8150918",2023-10-06 09:21:51.281,MKBSSD,"112Y002",X000000,Q
BAR10013,"8150918",2023-10-06 09:21:51.281,MKBSSD,"104Y015",BDAA1,A
BAR10014,"8150918",2023-10-06 09:21:51.281,MKBSSD,"104Y015",BDAA1,M
BAR10015,"8150918",2023-10-06 09:21:51.281,MKBSSD,"104Y015",BDAA1,Q
BAR10016,"8150918",2023-10-06 09:21:51.281,MKBSSD,"104Y016",BDCA1,A
BAR10017,"8150918",2023-10-06 09:21:51.281,MKBSSD,"104Y016",BDCA1,M
BAR10018,"8150918",2023-10-06 09:21:51.281,MKBSSD,"104Y016",BDCA1,Q
BAR10019,"8150918",2023-10-06 09:21:51.281,MKBSSD,"151Y001","1000000",A
BAR10020,"8150918",2023-10-06 09:21:51.281,MKBSSD,"151Y001","1000000",Q
BAR10021,"8150918",2023-10-06 09:21:51.281,MKBSSD,"901Y054",MO3ABAB,A
BAR10022,"8150918",2023-10-06 09:21:51.281,MKBSSD,"901Y054",MO3ABAB,M
BAR10023,"8150918",2023-10-06 09:21:51.281,MKBSSD,"722Y001","0101000",A
BAR10024,"8150918",2023-10-06 09:21:51.281,MKBSSD,"722Y001","0101000",D
BAR10025,"8150918",2023-10-06 09:21:51.281,MKBSSD,"722Y001","0101000",M
BAR10026,"8150918",2023-10-06 09:21:51.281,MKBSSD,"722Y001","0101000",Q
BAR10027,"8150918",2023-10-06 09:21:51.281,MKBSSD,"817Y002","010502000",D
BAR10028,"8150918",2023-10-06 09:21:51.281,MKBSSD,"817Y002","010150000",D
BAR10029,"8150918",2023-10-06 09:21:51.281,MKBSSD,"817Y002","010200000",D
BAR10030,"8150918",2023-10-06 09:21:51.281,MKBSSD,"817Y002","010200001",D
BAR10031,"8150918",2023-10-06 09:21:51.281,MKBSSD,"817Y002","010102000",D
BAR10032,"8150918",2023-10-06 09:21:51.281,MKBSSD,"817Y002","010400001",D
BAR10033,"8150918",2023-10-06 09:21:51.281,MKBSSD,"817Y002","010300000",D
BAR10034,"8150918",2023-10-06 09:21:51.281,MKBSSD,"121Y002",BEABAA2,A
BAR10035,"8150918",2023-10-06 09:21:51.281,MKBSSD,"121Y002",BEABAA2,M
BAR10036,"8150918",2023-10-06 09:21:51.281,MKBSSD,"121Y002",BEABAA2,Q
BAR10037,"8150918",2023-10-06 09:21:51.281,MKBSSD,"121Y006",BECBLA01,A
BAR10038,"8150918",2023-10-06 09:21:51.281,MKBSSD,"121Y006",BECBLA01,M
BAR10039,"8150918",2023-10-06 09:21:51.281,MKBSSD,"121Y006",BECBLA01,Q
BAR10040,"8150918",2023-10-06 09:21:51.281,MKBSSD,"802Y001","0089000",D
BAR10041,"8150918",2023-10-06 09:21:51.281,MKBSSD,"802Y001","0001000",D
BAR10042,"8150918",2023-10-06 09:21:51.281,MKBSSD,"901Y014","1060000",A
BAR10043,"8150918",2023-10-06 09:21:51.281,MKBSSD,"901Y014","1060000",M
BAR10044,"8150918",2023-10-06 09:21:51.281,MKBSSD,"901Y056",S23A,A
BAR10045,"8150918",2023-10-06 09:21:51.281,MKBSSD,"901Y056",S23A,M
BAR10046,"8150918",2023-10-06 09:21:51.281,MKBSSD,"901Y015","12040000",A
BAR10047,"8150918",2023-10-06 09:21:51.281,MKBSSD,"901Y015","12040000",M
BAR10048,"8150918",2023-10-06 09:21:51.281,MKBSSD,"191Y001","02000003",A
BAR10049,"8150918",2023-10-06 09:21:51.281,MKBSSD,"191Y001","02000003",M
BAR10050,"8150918",2023-10-06 09:21:51.281,MKBSSD,"200Y001","1010601",A
BAR10051,"8150918",2023-10-06 09:21:51.281,MKBSSD,"200Y001","901",A
BAR10052,"8150918",2023-10-06 09:21:51.281,MKBSSD,"200Y002","40102",Q
BAR10053,"8150918",2023-10-06 09:21:51.281,MKBSSD,"200Y002","40101",Q
BAR10054,"8150918",2023-10-06 09:21:51.281,MKBSSD,"200Y002","10124",Q
BAR10055,"8150918",2023-10-06 09:21:51.281,MKBSSD,"200Y002","10111",Q
BAR10056,"8150918",2023-10-06 09:21:51.281,MKBSSD,"200Y002","10122",Q
BAR10057,"8150918",2023-10-06 09:21:51.281,MKBSSD,"200Y002","10123",Q
BAR10058,"8150918",2023-10-06 09:21:51.281,MKBSSD,"200Y002","10125",Q
BAR10059,"8150918",2023-10-06 09:21:51.281,MKBSSD,"200Y003","1400",Q
BAR10060,"8150918",2023-10-06 09:21:51.281,MKBSSD,"301Y013","000000",A
BAR10061,"8150918",2023-10-06 09:21:51.281,MKBSSD,"301Y013","000000",M
BAR10062,"8150918",2023-10-06 09:21:51.281,MKBSSD,"301Y013","000000",Q
BAR10063,"8150918",2023-10-06 09:21:51.281,MKBSSD,"301Y013",BOPF22000000,A
BAR10064,"8150918",2023-10-06 09:21:51.281,MKBSSD,"301Y013",BOPF22000000,M
BAR10065,"8150918",2023-10-06 09:21:51.281,MKBSSD,"301Y013",BOPF22000000,Q
BAR10066,"8150918",2023-10-06 09:21:51.281,MKBSSD,"301Y013",BOPF21000000,A
BAR10067,"8150918",2023-10-06 09:21:51.281,MKBSSD,"301Y013",BOPF21000000,M
BAR10068,"8150918",2023-10-06 09:21:51.281,MKBSSD,"301Y013",BOPF21000000,Q
BAR10069,"8150918",2023-10-06 09:21:51.281,MKBSSD,"301Y013",BOPF12000000,A
BAR10070,"8150918",2023-10-06 09:21:51.281,MKBSSD,"301Y013",BOPF12000000,M
BAR10071,"8150918",2023-10-06 09:21:51.281,MKBSSD,"301Y013",BOPF12000000,Q
BAR10072,"8150918",2023-10-06 09:21:51.281,MKBSSD,"301Y013",BOPF11000000,A
BAR10073,"8150918",2023-10-06 09:21:51.281,MKBSSD,"301Y013",BOPF11000000,M
BAR10074,"8150918",2023-10-06 09:21:51.281,MKBSSD,"301Y013",BOPF11000000,Q
BAR10075,"8150918",2023-10-06 09:21:51.281,MKBSSD,"311Y004",A000000,A
BAR10076,"8150918",2023-10-06 09:21:51.281,MKBSSD,"311Y004",A000000,Q
BAR10077,"8150918",2023-10-06 09:21:51.281,MKBSSD,"311Y005",B000000,A
BAR10078,"8150918",2023-10-06 09:21:51.281,MKBSSD,"311Y005",B000000,Q
BAR10079,"8150918",2023-10-06 09:21:51.281,MKBSSD,"731Y001","0000002",D
BAR10080,"8150918",2023-10-06 09:21:51.281,MKBSSD,"731Y001","0000003",D
BAR10081,"8150918",2023-10-06 09:21:51.281,MKBSSD,"731Y003","0000003",D
BAR10082,"8150918",2023-10-06 09:21:51.281,MKBSSD,"731Y003","0000010",D
BAR10083,"8150918",2023-10-06 09:21:51.281,MKBSSD,"403Y001",*AA,A
BAR10084,"8150918",2023-10-06 09:21:51.281,MKBSSD,"403Y001",*AA,M
BAR10085,"8150918",2023-10-06 09:21:51.281,MKBSSD,"403Y001",*AA,Q
BAR10086,"8150918",2023-10-06 09:21:51.281,MKBSSD,"403Y003",*AA,A
BAR10087,"8150918",2023-10-06 09:21:51.281,MKBSSD,"403Y003",*AA,M
BAR10088,"8150918",2023-10-06 09:21:51.281,MKBSSD,"403Y003",*AA,Q
BAR10089,"8150918",2023-10-06 09:21:51.281,MKBSSD,"403Y005",B,A
BAR10090,"8150918",2023-10-06 09:21:51.281,MKBSSD,"403Y005",B,M
BAR10091,"8150918",2023-10-06 09:21:51.281,MKBSSD,"403Y005",B,Q
BAR10092,"8150918",2023-10-06 09:21:51.281,MKBSSD,"403Y005",A,A
BAR10093,"8150918",2023-10-06 09:21:51.281,MKBSSD,"403Y005",A,M
BAR10094,"8150918",2023-10-06 09:21:51.281,MKBSSD,"403Y005",A,Q
BAR10095,"8150918",2023-10-06 09:21:51.281,MKBSSD,"732Y001","99",A
BAR10096,"8150918",2023-10-06 09:21:51.281,MKBSSD,"732Y001","99",M
BAR10097,"8150918",2023-10-06 09:21:51.281,MKBSSD,"732Y001","99",Q
BAR10098,"8150918",2023-10-06 09:21:51.281,MKBSSD,"404Y014",*AA,A
BAR10099,"8150918",2023-10-06 09:21:51.281,MKBSSD,"404Y014",*AA,M
BAR10100,"8150918",2023-10-06 09:21:51.281,MKBSSD,"404Y014",*AA,Q
BAR10101,"8150918",2023-10-06 09:21:51.281,MKBSSD,"901Y009","0",A
BAR10102,"8150918",2023-10-06 09:21:51.281,MKBSSD,"901Y009","0",M
BAR10103,"8150918",2023-10-06 09:21:51.281,MKBSSD,"901Y009","0",Q
BAR10104,"8150918",2023-10-06 09:21:51.281,MKBSSD,"901Y010",QB,A
BAR10105,"8150918",2023-10-06 09:21:51.281,MKBSSD,"901Y010",QB,M
BAR10106,"8150918",2023-10-06 09:21:51.281,MKBSSD,"901Y010",QB,Q
BAR10107,"8150918",2023-10-06 09:21:51.281,MKBSSD,"901Y010","110",A
BAR10108,"8150918",2023-10-06 09:21:51.281,MKBSSD,"901Y010","110",M
BAR10109,"8150918",2023-10-06 09:21:51.281,MKBSSD,"901Y010","110",Q
BAR10110,"8150918",2023-10-06 09:21:51.281,MKBSSD,"402Y014",*AAW,A
BAR10111,"8150918",2023-10-06 09:21:51.281,MKBSSD,"402Y014",*AAW,M
BAR10112,"8150918",2023-10-06 09:21:51.281,MKBSSD,"402Y014",*AAW,Q
BAR10113,"8150918",2023-10-06 09:21:51.281,MKBSSD,"401Y015",*AAW,A
BAR10114,"8150918",2023-10-06 09:21:51.281,MKBSSD,"401Y015",*AAW,M
BAR10115,"8150918",2023-10-06 09:21:51.281,MKBSSD,"401Y015",*AAW,Q
BAR10116,"8150918",2023-10-06 09:21:51.281,MKBSSD,"901Y064",P65A,M
BAR10117,"8150918",2023-10-06 09:21:51.281,MKBSSD,"901Y093",H69AR70A,M
BAR10118,"8150918",2023-10-06 09:21:51.281,MKBSSD,"901Y094",H69AR70A,M
BAR10119,"8150918",2023-10-06 09:21:51.281,MKBSSD,"501Y011",C6091,A
BAR10120,"8150918",2023-10-06 09:21:51.281,MKBSSD,"501Y011",C506,A
BAR10121,"8150918",2023-10-06 09:21:51.281,MKBSSD,"501Y011",C707,A
BAR10122,"8150918",2023-10-06 09:21:51.281,MKBSSD,"512Y007",AAC0000,M
BAR10123,"8150918",2023-10-06 09:21:51.281,MKBSSD,"511Y002",FME99988,M
BAR10124,"8150918",2023-10-06 09:21:51.281,MKBSSD,"513Y001",E1000,M
BAR10125,"8150918",2023-10-06 09:21:51.281,MKBSSD,"601Y003","20100000",A
BAR10126,"8150918",2023-10-06 09:21:51.281,MKBSSD,"601Y003","20100000",M
BAR10127,"8150918",2023-10-06 09:21:51.281,MKBSSD,"601Y003","20100000",Q
BAR10128,"8150918",2023-10-06 09:21:51.281,MKBSSD,"901Y067",I16D,M
BAR10129,"8150918",2023-10-06 09:21:51.281,MKBSSD,"901Y067",I16E,M
BAR10130,"8150918",2023-10-06 09:21:51.281,MKBSSD,"901Y066",I15B,M
BAR10131,"8150918",2023-10-06 09:21:51.281,MKBSSD,"901Y066",I15B,Q
BAR10132,"8150918",2023-10-06 09:21:51.281,MKBSSD,"901Y033",A002,M
BAR10133,"8150918",2023-10-06 09:21:51.281,MKBSSD,"901Y033",A002,Q
BAR10134,"8150918",2023-10-06 09:21:51.281,MKBSSD,"901Y032",I11AC2,M
BAR10135,"8150918",2023-10-06 09:21:51.281,MKBSSD,"901Y032",I11AC2,Q
BAR10136,"8150918",2023-10-06 09:21:51.281,MKBSSD,"901Y032",I11AC6,M
BAR10137,"8150918",2023-10-06 09:21:51.281,MKBSSD,"901Y032",I11AC6,Q
BAR10138,"8150918",2023-10-06 09:21:51.281,MKBSSD,"901Y032",I11AC4,M
BAR10139,"8150918",2023-10-06 09:21:51.281,MKBSSD,"901Y032",I11AC4,Q
BAR10140,"8150918",2023-10-06 09:21:51.281,MKBSSD,"901Y036","20T23",M
BAR10141,"8150918",2023-10-06 09:21:51.281,MKBSSD,"901Y036","20T23",Q
BAR10142,"8150918",2023-10-06 09:21:51.281,MKBSSD,"901Y035",I32AI11C,M
BAR10143,"8150918",2023-10-06 09:21:51.281,MKBSSD,"901Y035",I32AI11C,Q
BAR10144,"8150918",2023-10-06 09:21:51.281,MKBSSD,"901Y018",I35AAA,A
BAR10145,"8150918",2023-10-06 09:21:51.281,MKBSSD,"901Y018",I35AAA,M
BAR10146,"8150918",2023-10-06 09:21:51.281,MKBSSD,"901Y018",I35AAA,Q
BAR10147,"8150918",2023-10-06 09:21:51.281,MKBSSD,"901Y020",I42A,A
BAR10148,"8150918",2023-10-06 09:21:51.281,MKBSSD,"901Y020",I42A,M
BAR10149,"8150918",2023-10-06 09:21:51.281,MKBSSD,"901Y020",I42A,Q
BAR10150,"8150918",2023-10-06 09:21:51.281,MKBSSD,"901Y104",I48AI37D,M
BAR10151,"8150918",2023-10-06 09:21:51.281,MKBSSD,"901Y104",I48AI37D,Q
BAR10152,"8150918",2023-10-06 09:21:51.281,MKBSSD,"901Y103","1I47AA",M
BAR10153,"8150918",2023-10-06 09:21:51.281,MKBSSD,"901Y037",I43AA1,M
BAR10154,"8150918",2023-10-06 09:21:51.281,MKBSSD,"901Y038",I51AB3,M
BAR10155,"8150918",2023-10-06 09:21:51.281,MKBSSD,"901Y038",I51AB3,Q
BAR10156,"8150918",2023-10-06 09:21:51.281,MKBSSD,"901Y038",I51A3,M
BAR10157,"8150918",2023-10-06 09:21:51.281,MKBSSD,"901Y038",I51A3,Q
BAR10158,"8150918",2023-10-06 09:21:51.281,MKBSSD,"901Y100",G0T3,M
BAR10159,"8150918",2023-10-06 09:21:51.281,MKBSSD,"901Y100",G0T3,Q
BAR10160,"8150918",2023-10-06 09:21:51.281,MKBSSD,"901Y100",G11T3,M
BAR10161,"8150918",2023-10-06 09:21:51.281,MKBSSD,"901Y100",G11T3,Q
BAR10162,"8150918",2023-10-06 09:21:51.281,MKBSSD,"901Y028",I35D,A
BAR10163,"8150918",2023-10-06 09:21:51.281,MKBSSD,"901Y028",I35A,A
BAR10164,"8150918",2023-10-06 09:21:51.281,MKBSSD,"901Y028",I35E,A
BAR10165,"8150918",2023-10-06 09:21:51.281,MKBSSD,"901Y027",I61BI28A,A
BAR10166,"8150918",2023-10-06 09:21:51.281,MKBSSD,"901Y027",I61BI28A,M
BAR10167,"8150918",2023-10-06 09:21:51.281,MKBSSD,"901Y027",I61BI28A,Q
BAR10168,"8150918",2023-10-06 09:21:51.281,MKBSSD,"901Y027",I61EI28A,A
BAR10169,"8150918",2023-10-06 09:21:51.281,MKBSSD,"901Y027",I61EI28A,M
BAR10170,"8150918",2023-10-06 09:21:51.281,MKBSSD,"901Y027",I61EI28A,Q
BAR10171,"8150918",2023-10-06 09:21:51.281,MKBSSD,"901Y027",I61BCI28A,A
BAR10172,"8150918",2023-10-06 09:21:51.281,MKBSSD,"901Y027",I61BCI28A,M
BAR10173,"8150918",2023-10-06 09:21:51.281,MKBSSD,"901Y027",I61BCI28A,Q
BAR10174,"8150918",2023-10-06 09:21:51.281,MKBSSD,"901Y027",I61BAI28A,A
BAR10175,"8150918",2023-10-06 09:21:51.281,MKBSSD,"901Y027",I61BAI28A,M
BAR10176,"8150918",2023-10-06 09:21:51.281,MKBSSD,"901Y027",I61BAI28A,Q
BAR10177,"8150918",2023-10-06 09:21:51.281,MKBSSD,"901Y107",AI70B,A
BAR10178,"8150918",2023-10-06 09:21:51.281,MKBSSD,"901Y107",AI70B,Q
BAR10179,"8150918",2023-10-06 09:21:51.281,MKBSSD,"901Y088",A70A,A
BAR10180,"8150918",2023-10-06 09:21:51.281,MKBSSD,"901Y088",A70A,Q
BAR10181,"8150918",2023-10-06 09:21:51.281,MKBSSD,"901Y102",A10001,A
BAR10182,"8150918",2023-10-06 09:21:51.281,MKBSSD,"901Y102",A10001,Q
BAR10183,"8150918",2023-10-06 09:21:51.281,MKBSSD,"901Y031",I38B20,A
BAR10184,"8150918",2023-10-06 09:21:51.281,MKBSSD,"901Y031",I38B10,A
BAR10185,"8150918",2023-10-06 09:21:51.281,MKBSSD,"901Y040","1I36DI36B",Q
BAR10186,"8150918",2023-10-06 09:21:51.281,MKBSSD,"901Y040","1I36WI36B",Q
BAR10187,"8150918",2023-10-06 09:21:51.281,MKBSSD,"902Y003","010102",A
BAR10188,"8150918",2023-10-06 09:21:51.281,MKBSSD,"902Y003","010102",M
BAR10189,"8150918",2023-10-06 09:21:51.281,MKBSSD,"902Y003","010102",Q
BAR10190,"8150918",2023-10-06 09:21:51.281,MKBSSD,"902Y003","040101",A
BAR10191,"8150918",2023-10-06 09:21:51.281,MKBSSD,"902Y003","040101",M
BAR10192,"8150918",2023-10-06 09:21:51.281,MKBSSD,"902Y003","040101",Q
BAR60001,bar60000,2025-10-17 03:04:08.742,BTAPDT,"25","1398",D
BAR60002,bar60000,2025-10-17 03:04:08.742,BTAPDT,"26","1399",D
BAR60003,bar60000,2025-10-17 03:04:08.742,BTAPDT,"27","1400",D
BAR60004,bar60000,2025-10-17 03:04:08.742,BTAPDT,"28","1401",D
BAR60005,bar60000,2025-10-17 03:04:08.742,BTAPDT,"29","1402",D
BAR60006,bar60000,2025-10-17 03:04:08.742,BTAPDT,"30","1403",D
BAR60007,bar60000,2025-10-17 03:04:08.742,BTAPDT,"31","1404",D
BAR60008,bar60000,2025-10-17 03:04:08.742,BTAPDT,"32","1405",D
BAR60009,bar60000,2025-10-17 03:04:08.742,BTAPDT,"33","1406",D
BAR60010,bar60000,2025-10-17 03:04:08.742,BTAPDT,"34","1407",D
BAR60011,bar60000,2025-10-17 03:04:08.742,BTAPDT,"35","1408",D
BAR60012,bar60000,2025-10-17 03:04:08.742,BTAPDT,"36","1409",D
BAR60013,bar60000,2025-10-17 03:04:08.742,BTAPDT,"37","1410",D
BAR60014,bar60000,2025-10-17 03:04:08.742,BTAPDT,"38","1411",D
BAR60015,bar60000,2025-10-17 03:04:08.742,BTAPDT,"39","1412",D
BAR60016,bar60000,2025-10-17 03:04:08.742,BTAPDT,"40","1413",D
BAR60017,bar60000,2025-10-17 03:04:08.742,BTAPDT,"41","1414",D
BAR60018,bar60000,2025-10-17 03:04:08.742,BTAPDT,"42","1415",D
BAR60019,bar60000,2025-10-17 03:04:08.742,BTAPDT,"43","1416",D
BAR60020,bar60000,2025-10-17 03:04:08.742,BTAPDT,"44","1417",D
BAR60021,bar60000,2025-10-17 03:04:08.742,BTAPDT,"45","1418",D
BAR60022,bar60000,2025-10-17 03:04:08.742,BTAPDT,"46","1419",D
BAR60023,bar60000,2025-10-17 03:04:08.742,BTAPDT,"47","1420",D
BAR60024,bar60000,2025-10-17 03:04:08.742,BTAPDT,"48","1421",D
BAR60025,bar60000,2025-10-17 03:04:08.742,BTAPDT,"49","1422",D
BAR60026,bar60000,2025-10-17 03:04:08.742,BTAPDT,"50","1423",D
BAR60027,bar60000,2025-10-17 03:04:08.742,BTAPDT,"51","1424",D
BAR60028,bar60000,2025-10-17 03:04:08.742,BTAPDT,"52","1425",D
BAR60029,bar60000,2025-10-17 03:04:08.742,BTAPDT,"53","1426",D
BAR60030,bar60000,2025-10-17 03:04:08.742,BTAPDT,"54","1427",D
BAR60031,bar60000,2025-10-17 03:04:08.742,BTAPDT,"55","1428",D
BAR60032,bar60000,2025-10-17 03:04:08.742,BTAPDT,"56","1429",D
BAR60033,bar60000,2025-10-17 03:04:08.742,BTAPDT,"57","1430",D
BAR60034,bar60000,2025-10-17 03:04:08.742,BTAPDT,"58","1431",D
BAR60035,bar60000,2025-10-17 03:04:08.742,BTAPDT,"59","1432",D
BAR60036,bar60000,2025-10-17 03:04:08.742,BTAPDT,"60","1433",D
BAR60037,bar60000,2025-10-17 03:04:08.742,BTAPDT,"61","1434",D
BAR60038,bar60000,2025-10-17 03:04:08.742,BTAPDT,"62","1435",D
BAR60039,bar60000,2025-10-17 03:04:08.742,BTAPDT,"63","1436",D
BAR60040,bar60000,2025-10-17 03:04:08.742,BTAPDT,"64","1437",D
BAR60041,bar60000,2025-10-17 03:04:08.742,BTAPDT,"65","1438",D
BAR60042,bar60000,2025-10-17 03:04:08.742,BTAPDT,"66","1439",D
BAR60043,bar60000,2025-10-17 03:04:08.742,BTAPDT,"67","1440",D
BAR60044,bar60000,2025-10-17 03:04:08.742,BTAPDT,"68","1441",D
BAR60045,bar60000,2025-10-17 03:04:08.742,BTAPDT,"69","1442",D
BAR60046,bar60000,2025-10-17 03:04:08.742,BTAPDT,"70","1443",D
BAR60047,bar60000,2025-10-17 03:04:08.742,BTAPDT,"71","1444",D
BAR60048,bar60000,2025-10-17 03:04:08.742,BTAPDT,"72","1445",D
BAR60049,bar60000,2025-10-17 03:04:08.742,BTAPDT,"73","1446",D
BAR60050,bar60000,2025-10-17 03:04:08.742,BTAPDT,"74","1447",D
BAR60051,bar60000,2025-10-17 03:04:08.742,BTAPDT,"75","1448",D
BAR60052,bar60000,2025-10-17 03:04:08.742,BTAPDT,"76","1449",D
BAR60053,bar60000,2025-10-17 03:04:08.742,BTAPDT,"77","1450",D
BAR60054,bar60000,2025-10-17 03:04:08.742,BTAPDT,"78","1451",D
BAR60055,bar60000,2025-10-17 03:04:08.742,BTAPDT,"79","1452",D
BAR60056,bar60000,2025-10-17 03:04:08.742,BTAPDT,"80","1453",D
BAR60057,bar60000,2025-10-17 03:04:08.742,BTAPDT,"81","1454",D
BAR60058,bar60000,2025-10-17 03:04:08.742,BTAPDT,"82","1455",D
BAR60059,bar60000,2025-10-17 03:04:08.742,BTAPDT,"83","1456",D
BAR60060,bar60000,2025-10-17 03:04:08.742,BTAPDT,"84","1457",D
BAR60061,bar60000,2025-10-17 03:04:08.742,BTAPDT,"85","1458",D
BAR60062,bar60000,2025-10-17 03:04:08.742,BTAPDT,"86","1459",D
BAR60063,bar60000,2025-10-17 03:04:08.742,BTAPDT,"87","1460",D
BAR60064,bar60000,2025-10-17 03:04:08.742,BTAPDT,"88","1461",D
BAR60065,bar60000,2025-10-17 03:04:08.742,BTAPDT,"89","1462",D
BAR60066,bar60000,2025-10-17 03:04:08.742,BTAPDT,"90","1463",D
BAR60067,bar60000,2025-10-17 03:04:08.742,BTAPDT,"91","1464",D
BAR60068,bar60000,2025-10-17 03:04:08.742,BTAPDT,"92","1465",D
BAR60069,bar60000,2025-10-17 03:04:08.742,BTAPDT,"93","1466",D
BAR60070,bar60000,2025-10-17 03:04:08.742,BTAPDT,"94","1467",D
BAR60071,bar60000,2025-10-17 03:04:08.742,BTAPDT,"95","1468",D
BAR60072,bar60000,2025-10-17 03:04:08.742,BTAPDT,"96","1469",D
BAR60073,bar60000,2025-10-17 03:04:08.742,BTAPDT,"97","1470",D
BAR60074,bar60000,2025-10-17 03:04:08.742,BTAPDT,"98","1471",D
BAR60075,bar60000,2025-10-17 03:04:08.742,BTAPDT,"99","1472",D
BAR60076,bar60000,2025-10-17 03:04:08.742,BTAPDT,"100","1473",D
BAR60077,bar60000,2025-10-17 03:04:08.742,BTAPDT,"101","1474",D
BAR60078,bar60000,2025-10-17 03:04:08.742,BTAPDT,"102","1475",D
BAR60079,bar60000,2025-10-17 03:04:08.742,BTAPDT,"103","1476",D
BAR60080,bar60000,2025-10-17 03:04:08.742,BTAPDT,"104","1477",D
BAR60081,bar60000,2025-10-17 03:04:08.742,BTAPDT,"105","1478",D
BAR60082,bar60000,2025-10-17 03:04:08.742,BTAPDT,"106","1479",D
BAR60083,bar60000,2025-10-17 03:04:08.742,BTAPDT,"107","1480",D
BAR60084,bar60000,2025-10-17 03:04:08.742,BTAPDT,"108","1481",D
BAR60085,bar60000,2025-10-17 03:04:08.742,BTAPDT,"109","1482",D
BAR60086,bar60000,2025-10-17 03:04:08.742,BTAPDT,"110","1483",D
BAR60087,bar60000,2025-10-17 03:04:08.742,BTAPDT,"111","1484",D
BAR60088,bar60000,2025-10-17 03:04:08.742,BTAPDT,"112","1485",D
BAR60089,bar60000,2025-10-17 03:04:08.742,BTAPDT,"113","1486",D
BAR60090,bar60000,2025-10-17 03:04:08.742,BTAPDT,"114","1487",D
BAR60091,bar60000,2025-10-17 03:04:08.742,BTAPDT,"115","1488",D
BAR60092,bar60000,2025-10-17 03:04:08.742,BTAPDT,"116","1489",D
BAR60093,bar60000,2025-10-17 03:04:08.742,BTAPDT,"117","1490",D
BAR60094,bar60000,2025-10-17 03:04:08.742,BTAPDT,"118","1491",D
BAR60095,bar60000,2025-10-17 03:04:08.742,BTAPDT,"119","1492",D
BAR60096,bar60000,2025-10-17 03:04:08.742,BTAPDT,"120","1493",D
BAR60097,bar60000,2025-10-17 03:04:08.742,BTAPDT,"121","1494",D
BAR60098,bar60000,2025-10-17 03:04:08.742,BTAPDT,"122","1495",D
BAR60099,bar60000,2025-10-17 03:04:08.742,BTAPDT,"123","1496",D
BAR60100,bar60000,2025-10-17 03:04:08.742,BTAPDT,"124","1497",D
BAR60101,bar60000,2025-10-17 03:04:08.742,BTAPDT,"125","1498",D
BAR60102,bar60000,2025-10-17 03:04:08.742,BTAPDT,"126","1499",D
BAR60103,bar60000,2025-10-17 03:04:08.742,BTAPDT,"127","1500",D
BAR60104,bar60000,2025-10-17 03:04:08.742,BTAPDT,"128","1501",D
BAR60105,bar60000,2025-10-17 03:04:08.742,BTAPDT,"129","1502",D
BAR60106,bar60000,2025-10-17 03:04:08.742,BTAPDT,"130","1503",D
BAR60107,bar60000,2025-10-17 03:04:08.742,BTAPDT,"131","1504",D
BAR60108,bar60000,2025-10-17 03:04:08.742,BTAPDT,"132","1505",D
BAR60109,bar60000,2025-10-17 03:04:08.742,BTAPDT,"133","1506",D
BAR60110,bar60000,2025-10-17 03:04:08.742,BTAPDT,"134","1507",D
BAR60111,bar60000,2025-10-17 03:04:08.742,BTAPDT,"135","1508",D
BAR60112,bar60000,2025-10-17 03:04:08.742,BTAPDT,"137","1509",D
BAR60113,bar60000,2025-10-17 03:04:08.742,BTAPDT,"138","1510",D
BAR60114,bar60000,2025-10-17 03:04:08.742,BTAPDT,"139","1511",D
BAR60115,bar60000,2025-10-17 03:04:08.742,BTAPDT,"140","1512",D
BAR60116,bar60000,2025-10-17 03:04:08.742,BTAPDT,"141","1513",D
BAR60117,bar60000,2025-10-17 03:04:08.742,BTAPDT,"142","1514",D
BAR60118,bar60000,2025-10-17 03:04:08.742,BTAPDT,"143","1515",D
BAR60119,bar60000,2025-10-17 03:04:08.742,BTAPDT,"144","1516",D
BAR60120,bar60000,2025-10-17 03:04:08.742,BTAPDT,"145","1517",D
BAR60121,bar60000,2025-10-17 03:04:08.742,BTAPDT,"146","1518",D
BAR60122,bar60000,2025-10-17 03:04:08.742,BTAPDT,"147","1519",D
BAR60123,bar60000,2025-10-17 03:04:08.742,BTAPDT,"148","1520",D
BAR60124,bar60000,2025-10-17 03:04:08.742,BTAPDT,"149","1521",D
BAR60125,bar60000,2025-10-17 03:04:08.742,BTAPDT,"150","1522",D
BAR60126,bar60000,2025-10-17 03:04:08.742,BTAPDT,"151","1523",D
BAR60127,bar60000,2025-10-17 03:04:08.742,BTAPDT,"152","1524",D
BAR60128,bar60000,2025-10-17 03:04:08.742,BTAPDT,"153","1525",D
BAR60129,bar60000,2025-10-17 03:04:08.742,BTAPDT,"154","1526",D
BAR60130,bar60000,2025-10-17 03:04:08.742,BTAPDT,"155","1527",D
BAR60131,bar60000,2025-10-17 03:04:08.742,BTAPDT,"156","1528",D
BAR60132,bar60000,2025-10-17 03:04:08.742,BTAPDT,"157","1529",D
BAR60133,bar60000,2025-10-17 03:04:08.742,BTAPDT,"158","1530",D
BAR60134,bar60000,2025-10-17 03:04:08.742,BTAPDT,"159","1531",D
BAR60135,bar60000,2025-10-17 03:04:08.742,BTAPDT,"160","1532",D
BAR60136,bar60000,2025-10-17 03:04:08.742,BTAPDT,"161","1533",D
BAR60137,bar60000,2025-10-17 03:04:08.742,BTAPDT,"162","1534",D
