파일명,참조파일수,참조파일목록
"logs.py",27,"__init__.py, api/app.py, scheduler.py, src/ai/file_processor.py, src/ai/learning/data_analyzer.py, src/ai/learning/model_trainer.py, src/ai/llm_client.py, src/ai/mcp_client.py, src/ai/query_handler_simple.py, src/ai/query_router.py, src/ai/rag/chunker.py, src/ai/rag/data_processor.py, src/ai/rag/document_processor.py, src/ai/rag/embedder.py, src/ai/rag/postgres_loader.py, src/ai/tools_executor.py, src/chroma/client.py, src/chroma/loader.py, src/chroma/operations.py, src/chroma/utils.py, src/control/relay_manager.py, src/control/schedule_control.py, src/control/task_scheduler.py, src/postgresql/connection.py, src/postgresql/reader.py, src/ui_reflex/state.py, startup.py"
"config.py",15,"__init__.py, logs.py, src/ai/learning/data_analyzer.py, src/ai/llm_client.py, src/ai/query_router.py, src/ai/rag/data_processor.py, src/ai/rag/embedder.py, src/chroma/client.py, src/chroma/collections.py, src/chroma/config.py, src/chroma/utils.py, src/control/relay_manager.py, src/control/task_scheduler.py, src/postgresql/connection.py, src/utils/conversion.py"
"src/ai/mcp_client.py",8,"src/ai/__init__.py, src/ai/llm_client.py, src/ai/query_router.py, src/ai/rag/embedder.py, src/ai/tools_executor.py, src/chroma/client.py, src/chroma/operations.py, src/postgresql/connection.py"
"src/chroma/collections.py",8,"src/ai/learning/data_analyzer.py, src/ai/learning/model_trainer.py, src/ai/rag/chunker.py, src/ai/rag/data_processor.py, src/ai/rag/document_processor.py, src/ai/tools_executor.py, src/chroma/loader.py, startup.py"
"src/chroma/operations.py",8,"src/ai/learning/data_analyzer.py, src/ai/learning/model_trainer.py, src/ai/rag/chunker.py, src/ai/rag/data_processor.py, src/ai/rag/document_processor.py, src/ai/tools_executor.py, src/chroma/__init__.py, src/chroma/loader.py"
"src/postgresql/connection.py",7,"config.py, src/ai/tools_executor.py, src/control/relay_manager.py, src/control/schedule_control.py, src/postgresql/__init__.py, src/postgresql/reader.py, src/ui_reflex/state.py"
"src/postgresql/queries.py",6,"config.py, src/ai/tools_executor.py, src/control/relay_manager.py, src/control/schedule_control.py, src/postgresql/reader.py, src/ui_reflex/state.py"
"src/ai/llm_client.py",5,"api/app.py, src/ai/__init__.py, src/ai/query_handler_simple.py, src/ai/query_router.py, src/ui_reflex/state.py"
"src/chroma/client.py",5,"src/ai/learning/model_trainer.py, src/ai/query_router.py, src/ai/rag/postgres_loader.py, src/chroma/__init__.py, src/chroma/operations.py"
"src/postgresql/__init__.py",5,"__init__.py, config.py, src/control/relay_manager.py, src/control/schedule_control.py, src/postgresql/reader.py"
"src/postgresql/reader.py",4,"src/ai/rag/postgres_loader.py, src/ai/tools_executor.py, src/control/schedule_control.py, src/postgresql/__init__.py"
"src/ai/query_handler_simple.py",3,"api/app.py, src/ai/__init__.py, src/ui_reflex/state.py"
"src/ai/rag/embedder.py",3,"src/ai/rag/__init__.py, src/ai/tools_executor.py, src/chroma/loader.py"
"src/chroma/utils.py",3,"src/chroma/client.py, src/chroma/loader.py, src/chroma/operations.py"
"src/utils/conversion.py",3,"src/ai/learning/model_trainer.py, src/chroma/loader.py, src/utils/__init__.py"
"api/app.py",2,"__init__.py, main/main.py"
"src/ai/learning/data_analyzer.py",2,"src/ai/learning/__init__.py, src/ai/learning/model_trainer.py"
"src/ai/rag/document_processor.py",2,"src/ai/rag/__init__.py, src/ui_reflex/state.py"
"src/ai/rag/postgres_loader.py",2,"src/ai/learning/model_trainer.py, src/ai/rag/__init__.py"
"src/ai/tools_executor.py",2,"src/ai/llm_client.py, src/ai/query_router.py"
"src/chroma/config.py",2,"src/chroma/client.py, src/chroma/operations.py"
"src/chroma/loader.py",2,"src/ai/learning/model_trainer.py, src/chroma/__init__.py"
"src/control/relay_manager.py",2,"src/control/__init__.py, src/control/schedule_control.py"
"src/ui_reflex/components/chat.py",2,"src/ui_reflex/components/__init__.py, src/ui_reflex/main.py"
"src/utils/__init__.py",2,"src/ai/learning/data_analyzer.py, src/ai/rag/data_processor.py"
"src/utils/date_utils.py",2,"src/ai/learning/model_trainer.py, src/utils/__init__.py"
"src/utils/validators.py",2,"src/utils/__init__.py, src/utils/conversion.py"
"api/models.py",1,"api/app.py"
"main/main.py",1,"__init__.py"
"src/ai/file_processor.py",1,"src/ai/query_handler_simple.py"
"src/ai/learning/__init__.py",1,"src/ai/__init__.py"
"src/ai/learning/model_trainer.py",1,"src/ai/learning/__init__.py"
"src/ai/query_router.py",1,"src/ai/query_handler_simple.py"
"src/ai/rag/__init__.py",1,"src/ai/__init__.py"
"src/ai/rag/chunker.py",1,"src/ai/rag/document_processor.py"
"src/ai/rag/data_processor.py",1,"src/ai/rag/postgres_loader.py"
"src/ai/tools_definition.py",1,"src/ai/llm_client.py"
"src/chroma/__init__.py",1,"startup.py"
"src/control/__init__.py",1,"startup.py"
"src/control/schedule_control.py",1,"src/control/__init__.py"
"src/control/task_scheduler.py",1,"src/control/__init__.py"
"src/ui_reflex/components/__init__.py",1,"src/ui_reflex/main.py"
"src/ui_reflex/components/chat_input.py",1,"src/ui_reflex/components/__init__.py"
"src/ui_reflex/components/file_upload.py",1,"src/ui_reflex/components/__init__.py"
"src/ui_reflex/components/sidebar.py",1,"src/ui_reflex/components/__init__.py"
"src/ui_reflex/main.py",1,"main/main.py"
"src/ui_reflex/state.py",1,"src/ui_reflex/main.py"
"src/ui_reflex/styles.py",1,"src/ui_reflex/main.py"
"startup.py",1,"scheduler.py"
"__init__.py",0,""
"api/__init__.py",0,""
"api/__main__.py",0,""
"api/example_client.py",0,""
"main/__init__.py",0,""
"rxconfig.py",0,""
"scheduler.py",0,""
"src/__init__.py",0,""
"src/ai/__init__.py",0,""
"src/ui_reflex/__init__.py",0,""
